time,forecast_price,actual_price
2018-07-18 23:00:00+00:00,64.3505,67.08
2018-07-19 00:00:00+00:00,64.30901,65.19
2018-07-19 01:00:00+00:00,65.38493,62.87
2018-07-19 02:00:00+00:00,60.91274,63.019999999999996
2018-07-19 03:00:00+00:00,63.610653,64.5
2018-07-19 04:00:00+00:00,66.19192,66.75
2018-07-19 05:00:00+00:00,69.111275,67.18
2018-07-19 06:00:00+00:00,70.39339,72.4
2018-07-19 07:00:00+00:00,72.747765,73.76
2018-07-19 08:00:00+00:00,74.263954,73.75
2018-07-19 09:00:00+00:00,74.533165,76.01
2018-07-19 10:00:00+00:00,76.50438,76.12
2018-07-19 11:00:00+00:00,75.78717,75.89
2018-07-19 12:00:00+00:00,74.68781,75.21
2018-07-19 13:00:00+00:00,73.23073,73.11
2018-07-19 14:00:00+00:00,70.932205,72.32
2018-07-19 15:00:00+00:00,72.188484,71.82
2018-07-19 16:00:00+00:00,69.59927,71.56
2018-07-19 17:00:00+00:00,70.9854,70.09
2018-07-19 18:00:00+00:00,68.75393,70.01
2018-07-19 19:00:00+00:00,71.18734,70.09
2018-07-19 20:00:00+00:00,69.155136,70.32
2018-07-19 21:00:00+00:00,66.94849,69.2
2018-07-19 22:00:00+00:00,67.888664,65.43
2018-07-19 23:00:00+00:00,61.42421,61.53000000000001
2018-07-20 00:00:00+00:00,59.235577,60.31
2018-07-20 01:00:00+00:00,59.618267,59.73
2018-07-20 02:00:00+00:00,58.43993,59.54
2018-07-20 03:00:00+00:00,59.438652,60.74
2018-07-20 04:00:00+00:00,63.821278,65.06
2018-07-20 05:00:00+00:00,68.568954,66.31
2018-07-20 06:00:00+00:00,69.73428,71.71
2018-07-20 07:00:00+00:00,72.716805,72.67
2018-07-20 08:00:00+00:00,73.24974,72.87
2018-07-20 09:00:00+00:00,74.59238,74.82
2018-07-20 10:00:00+00:00,74.158455,75.15
2018-07-20 11:00:00+00:00,76.32649,75.44
2018-07-20 12:00:00+00:00,74.41247,73.41
2018-07-20 13:00:00+00:00,70.953476,72.04
2018-07-20 14:00:00+00:00,69.56163,71.05
2018-07-20 15:00:00+00:00,70.39348,69.23
2018-07-20 16:00:00+00:00,67.38869,66.14
2018-07-20 17:00:00+00:00,65.61351,65.33
2018-07-20 18:00:00+00:00,65.211685,67.26
2018-07-20 19:00:00+00:00,69.49145,69.3
2018-07-20 20:00:00+00:00,68.82321,69.04
2018-07-20 21:00:00+00:00,65.76116,67.83
2018-07-20 22:00:00+00:00,66.52067,65.78
2018-07-20 23:00:00+00:00,62.183716,63.69
2018-07-21 00:00:00+00:00,61.328342,61.49
2018-07-21 01:00:00+00:00,60.613083,61.7
2018-07-21 02:00:00+00:00,59.209385,61.64000000000001
2018-07-21 03:00:00+00:00,61.331905,61.85999999999999
2018-07-21 04:00:00+00:00,62.32819,63.629999999999995
2018-07-21 05:00:00+00:00,65.21369,63.89
2018-07-21 06:00:00+00:00,65.85451,66.23
2018-07-21 07:00:00+00:00,66.27913,68.5
2018-07-21 08:00:00+00:00,68.80077,69.44
2018-07-21 09:00:00+00:00,70.43226,69.66
2018-07-21 10:00:00+00:00,69.11765,69.72
2018-07-21 11:00:00+00:00,70.36949,70.06
2018-07-21 12:00:00+00:00,68.465965,69.57
2018-07-21 13:00:00+00:00,68.09121,67.99
2018-07-21 14:00:00+00:00,65.80775,66.8
2018-07-21 15:00:00+00:00,65.033455,65.56
2018-07-21 16:00:00+00:00,64.14371,64.44
2018-07-21 17:00:00+00:00,64.794304,65.78
2018-07-21 18:00:00+00:00,67.206116,67.59
2018-07-21 19:00:00+00:00,69.88404,68.37
2018-07-21 20:00:00+00:00,68.987274,69.7
2018-07-21 21:00:00+00:00,66.77823,68.76
2018-07-21 22:00:00+00:00,66.94145,68.91
2018-07-21 23:00:00+00:00,64.426025,67.55
2018-07-22 00:00:00+00:00,63.101887,66.37
2018-07-22 01:00:00+00:00,63.3943,64.42
2018-07-22 02:00:00+00:00,61.18945,62.919999999999995
2018-07-22 03:00:00+00:00,60.413857,62.97
2018-07-22 04:00:00+00:00,61.6725,61.96000000000001
2018-07-22 05:00:00+00:00,61.203285,60.07
2018-07-22 06:00:00+00:00,60.42959,63.5
2018-07-22 07:00:00+00:00,63.073868,63.53
2018-07-22 08:00:00+00:00,63.912266,62.59000000000001
2018-07-22 09:00:00+00:00,62.796597,63.36
2018-07-22 10:00:00+00:00,63.410236,66.1
2018-07-22 11:00:00+00:00,66.88351,67.52
2018-07-22 12:00:00+00:00,65.67342,67.76
2018-07-22 13:00:00+00:00,65.372986,66.08
2018-07-22 14:00:00+00:00,63.041443,64.92
2018-07-22 15:00:00+00:00,63.460964,63.379999999999995
2018-07-22 16:00:00+00:00,62.13161,62.38000000000001
2018-07-22 17:00:00+00:00,64.362144,62.83
2018-07-22 18:00:00+00:00,65.58667,63.87
2018-07-22 19:00:00+00:00,68.31951,67.34
2018-07-22 20:00:00+00:00,68.89333,69.19
2018-07-22 21:00:00+00:00,67.38269,67.34
2018-07-22 22:00:00+00:00,65.52833,66.39
2018-07-22 23:00:00+00:00,62.228806,62.72
2018-07-23 00:00:00+00:00,59.422592,60.13
2018-07-23 01:00:00+00:00,59.066414,58.8
2018-07-23 02:00:00+00:00,57.745834,58.349999999999994
2018-07-23 03:00:00+00:00,59.290905,58.98
2018-07-23 04:00:00+00:00,63.009773,62.459999999999994
2018-07-23 05:00:00+00:00,66.90041,66.67
2018-07-23 06:00:00+00:00,70.33062,71.47
2018-07-23 07:00:00+00:00,72.28728,72.28
2018-07-23 08:00:00+00:00,71.77978,72.21
2018-07-23 09:00:00+00:00,72.91108,74.06
2018-07-23 10:00:00+00:00,74.058044,74.84
2018-07-23 11:00:00+00:00,75.42153,75.07
2018-07-23 12:00:00+00:00,75.10561,74.53
2018-07-23 13:00:00+00:00,73.485466,73.07
2018-07-23 14:00:00+00:00,72.15272,72.92
2018-07-23 15:00:00+00:00,73.1921,71.62
2018-07-23 16:00:00+00:00,70.91213,71.51
2018-07-23 17:00:00+00:00,71.34206,70.46
2018-07-23 18:00:00+00:00,70.3704,71.55
2018-07-23 19:00:00+00:00,72.9543,72.42
2018-07-23 20:00:00+00:00,70.99603,71.66
2018-07-23 21:00:00+00:00,68.13084,71.94
2018-07-23 22:00:00+00:00,71.05027,67.9
2018-07-23 23:00:00+00:00,63.97995,66.06
2018-07-24 00:00:00+00:00,63.016926,64.09
2018-07-24 01:00:00+00:00,62.312107,61.56
2018-07-24 02:00:00+00:00,59.505417,61.67000000000001
2018-07-24 03:00:00+00:00,61.729385,62.86
2018-07-24 04:00:00+00:00,65.31294,65.49
2018-07-24 05:00:00+00:00,68.21173,66.67
2018-07-24 06:00:00+00:00,69.93939,71.75
2018-07-24 07:00:00+00:00,73.336555,73.45
2018-07-24 08:00:00+00:00,73.80767,73.86
2018-07-24 09:00:00+00:00,74.55302,75.33
2018-07-24 10:00:00+00:00,74.64193,77.3
2018-07-24 11:00:00+00:00,77.16803,77.46
2018-07-24 12:00:00+00:00,75.7928,75.79
2018-07-24 13:00:00+00:00,73.49944,76.79
2018-07-24 14:00:00+00:00,73.95479,74.66
2018-07-24 15:00:00+00:00,74.05808,74.92
2018-07-24 16:00:00+00:00,72.75501,74.01
2018-07-24 17:00:00+00:00,72.81698,71.72
2018-07-24 18:00:00+00:00,69.30176,70.76
2018-07-24 19:00:00+00:00,70.65226,71.76
2018-07-24 20:00:00+00:00,70.48805,70.88
2018-07-24 21:00:00+00:00,67.930405,69.11
2018-07-24 22:00:00+00:00,68.483826,67.36
2018-07-24 23:00:00+00:00,63.827557,65.68
2018-07-25 00:00:00+00:00,62.48814,63.35
2018-07-25 01:00:00+00:00,61.522236,61.28
2018-07-25 02:00:00+00:00,60.265526,60.90999999999999
2018-07-25 03:00:00+00:00,61.11021,61.54999999999999
2018-07-25 04:00:00+00:00,63.07395,65.58
2018-07-25 05:00:00+00:00,68.76232,67.22
2018-07-25 06:00:00+00:00,70.237656,71.09
2018-07-25 07:00:00+00:00,72.562355,72.82
2018-07-25 08:00:00+00:00,73.39993,73.42
2018-07-25 09:00:00+00:00,74.73422,75.84
2018-07-25 10:00:00+00:00,75.69358,77.07
2018-07-25 11:00:00+00:00,76.93429,76.79
2018-07-25 12:00:00+00:00,76.130066,76.09
2018-07-25 13:00:00+00:00,74.469124,74.6
2018-07-25 14:00:00+00:00,73.01635,74.43
2018-07-25 15:00:00+00:00,74.360275,74.42
2018-07-25 16:00:00+00:00,72.813385,73.42
2018-07-25 17:00:00+00:00,72.85531,72.95
2018-07-25 18:00:00+00:00,71.93133,71.63
2018-07-25 19:00:00+00:00,71.66758,72.64
2018-07-25 20:00:00+00:00,71.756065,72.44
2018-07-25 21:00:00+00:00,68.719986,71.09
2018-07-25 22:00:00+00:00,70.16059,69.27
2018-07-25 23:00:00+00:00,65.43374,67.72
2018-07-26 00:00:00+00:00,64.48007,66.72
2018-07-26 01:00:00+00:00,65.696014,65.32
2018-07-26 02:00:00+00:00,63.05061,65.4
2018-07-26 03:00:00+00:00,64.86396,66.14
2018-07-26 04:00:00+00:00,67.818,67.71
2018-07-26 05:00:00+00:00,69.565735,68.0
2018-07-26 06:00:00+00:00,71.34081,72.63
2018-07-26 07:00:00+00:00,74.89979,73.78
2018-07-26 08:00:00+00:00,74.90905,74.37
2018-07-26 09:00:00+00:00,76.4272,77.01
2018-07-26 10:00:00+00:00,76.9346,77.73
2018-07-26 11:00:00+00:00,78.21066,78.08
2018-07-26 12:00:00+00:00,76.766396,76.79
2018-07-26 13:00:00+00:00,74.724464,75.37
2018-07-26 14:00:00+00:00,72.9335,75.02
2018-07-26 15:00:00+00:00,75.199776,75.1
2018-07-26 16:00:00+00:00,73.148766,74.97
2018-07-26 17:00:00+00:00,73.64784,75.84
2018-07-26 18:00:00+00:00,74.20582,72.91
2018-07-26 19:00:00+00:00,72.192986,71.91
2018-07-26 20:00:00+00:00,70.47762,72.42
2018-07-26 21:00:00+00:00,68.76129,69.93
2018-07-26 22:00:00+00:00,68.55066,69.4
2018-07-26 23:00:00+00:00,64.75504,68.08
2018-07-27 00:00:00+00:00,63.965473,66.42
2018-07-27 01:00:00+00:00,64.57723,65.51
2018-07-27 02:00:00+00:00,63.820976,65.88
2018-07-27 03:00:00+00:00,64.62606,66.88
2018-07-27 04:00:00+00:00,67.30984,69.07
2018-07-27 05:00:00+00:00,70.71462,69.44
2018-07-27 06:00:00+00:00,71.59058,73.42
2018-07-27 07:00:00+00:00,74.273865,74.93
2018-07-27 08:00:00+00:00,75.58045,75.07
2018-07-27 09:00:00+00:00,76.326706,76.72
2018-07-27 10:00:00+00:00,76.29631,76.27
2018-07-27 11:00:00+00:00,77.52323,76.79
2018-07-27 12:00:00+00:00,75.91802,74.8
2018-07-27 13:00:00+00:00,73.58975,73.12
2018-07-27 14:00:00+00:00,71.571686,72.02
2018-07-27 15:00:00+00:00,71.86727,71.68
2018-07-27 16:00:00+00:00,70.68592,70.74
2018-07-27 17:00:00+00:00,71.17039,69.18
2018-07-27 18:00:00+00:00,68.820984,68.42
2018-07-27 19:00:00+00:00,70.17922,68.36
2018-07-27 20:00:00+00:00,68.0628,68.16
2018-07-27 21:00:00+00:00,65.834785,64.2
2018-07-27 22:00:00+00:00,65.165016,68.19
2018-07-27 23:00:00+00:00,65.31879,67.75
2018-07-28 00:00:00+00:00,64.38855,66.68
2018-07-28 01:00:00+00:00,64.50517,65.61
2018-07-28 02:00:00+00:00,63.58236,65.6
2018-07-28 03:00:00+00:00,63.870174,65.54
2018-07-28 04:00:00+00:00,65.30819,65.99
2018-07-28 05:00:00+00:00,65.640656,65.59
2018-07-28 06:00:00+00:00,66.93043,67.67
2018-07-28 07:00:00+00:00,68.56765,68.94
2018-07-28 08:00:00+00:00,69.646996,69.92
2018-07-28 09:00:00+00:00,71.45526,70.75
2018-07-28 10:00:00+00:00,70.64694,70.84
2018-07-28 11:00:00+00:00,71.30877,71.51
2018-07-28 12:00:00+00:00,70.55664,69.9
2018-07-28 13:00:00+00:00,67.446915,69.31
2018-07-28 14:00:00+00:00,66.94038,68.62
2018-07-28 15:00:00+00:00,67.393196,67.39
2018-07-28 16:00:00+00:00,65.59689,67.59
2018-07-28 17:00:00+00:00,67.45795,67.34
2018-07-28 18:00:00+00:00,67.019875,69.61
2018-07-28 19:00:00+00:00,71.02905,71.8
2018-07-28 20:00:00+00:00,69.746414,72.22
2018-07-28 21:00:00+00:00,67.75522,70.86
2018-07-28 22:00:00+00:00,69.11053,70.92
2018-07-28 23:00:00+00:00,66.520706,69.18
2018-07-29 00:00:00+00:00,65.3747,66.68
2018-07-29 01:00:00+00:00,64.913345,67.6
2018-07-29 02:00:00+00:00,64.45325,66.63
2018-07-29 03:00:00+00:00,63.6298,65.25
2018-07-29 04:00:00+00:00,62.671345,63.72
2018-07-29 05:00:00+00:00,62.02352,62.42999999999999
2018-07-29 06:00:00+00:00,61.86042,62.9
2018-07-29 07:00:00+00:00,62.893093,61.87
2018-07-29 08:00:00+00:00,61.816856,62.93
2018-07-29 09:00:00+00:00,64.189354,64.27
2018-07-29 10:00:00+00:00,63.938618,64.35
2018-07-29 11:00:00+00:00,66.869225,66.51
2018-07-29 12:00:00+00:00,65.66729,66.66
2018-07-29 13:00:00+00:00,64.68733,63.25
2018-07-29 14:00:00+00:00,61.02011,59.589999999999996
2018-07-29 15:00:00+00:00,58.89722,59.41
2018-07-29 16:00:00+00:00,59.522503,58.31000000000001
2018-07-29 17:00:00+00:00,60.882984,61.82999999999999
2018-07-29 18:00:00+00:00,66.566,64.3
2018-07-29 19:00:00+00:00,69.1903,69.83
2018-07-29 20:00:00+00:00,71.43858,71.91
2018-07-29 21:00:00+00:00,69.15847,69.38
2018-07-29 22:00:00+00:00,66.60398,66.5
2018-07-29 23:00:00+00:00,61.880867,65.18
2018-07-30 00:00:00+00:00,61.039703,62.72
2018-07-30 01:00:00+00:00,61.375523,61.080000000000005
2018-07-30 02:00:00+00:00,59.651115,60.93000000000001
2018-07-30 03:00:00+00:00,61.791676,62.49000000000001
2018-07-30 04:00:00+00:00,65.39832,67.31
2018-07-30 05:00:00+00:00,71.566956,68.19
2018-07-30 06:00:00+00:00,71.48826,72.61
2018-07-30 07:00:00+00:00,73.94749,75.6
2018-07-30 08:00:00+00:00,76.148926,75.61
2018-07-30 09:00:00+00:00,76.7658,78.11
2018-07-30 10:00:00+00:00,78.98762,78.03
2018-07-30 11:00:00+00:00,79.030785,78.34
2018-07-30 12:00:00+00:00,77.79881,77.93
2018-07-30 13:00:00+00:00,75.90259,74.69
2018-07-30 14:00:00+00:00,73.0363,73.99
2018-07-30 15:00:00+00:00,73.81314,74.05
2018-07-30 16:00:00+00:00,72.76092,74.1
2018-07-30 17:00:00+00:00,73.50056,71.9
2018-07-30 18:00:00+00:00,70.77861,73.02
2018-07-30 19:00:00+00:00,74.363495,74.67
2018-07-30 20:00:00+00:00,72.88145,74.54
2018-07-30 21:00:00+00:00,69.16228,73.74
2018-07-30 22:00:00+00:00,72.25547,70.46
2018-07-30 23:00:00+00:00,65.74982,69.71
2018-07-31 00:00:00+00:00,65.53653,67.57
2018-07-31 01:00:00+00:00,65.54648,66.3
2018-07-31 02:00:00+00:00,63.805798,66.15
2018-07-31 03:00:00+00:00,65.75876,66.7
2018-07-31 04:00:00+00:00,68.58836,68.31
2018-07-31 05:00:00+00:00,72.16071,68.25
2018-07-31 06:00:00+00:00,72.196,75.67
2018-07-31 07:00:00+00:00,77.31725,73.85
2018-07-31 08:00:00+00:00,74.32206,74.53
2018-07-31 09:00:00+00:00,76.423355,77.05
2018-07-31 10:00:00+00:00,77.8463,77.42
2018-07-31 11:00:00+00:00,77.899124,77.85
2018-07-31 12:00:00+00:00,77.10628,77.75
2018-07-31 13:00:00+00:00,76.9375,76.5
2018-07-31 14:00:00+00:00,73.612816,75.43
2018-07-31 15:00:00+00:00,75.20229,74.87
2018-07-31 16:00:00+00:00,72.80432,74.27
2018-07-31 17:00:00+00:00,72.81132,73.68
2018-07-31 18:00:00+00:00,72.33998,72.95
2018-07-31 19:00:00+00:00,72.110756,73.17
2018-07-31 20:00:00+00:00,71.03335,72.18
2018-07-31 21:00:00+00:00,69.21099,69.09
2018-07-31 22:00:00+00:00,67.92722,66.64
2018-07-31 23:00:00+00:00,62.860115,63.19
2018-08-01 00:00:00+00:00,61.86108,58.529999999999994
2018-08-01 01:00:00+00:00,59.11219,56.93999999999999
2018-08-01 02:00:00+00:00,57.03692,56.64
2018-08-01 03:00:00+00:00,57.93238,56.43
2018-08-01 04:00:00+00:00,60.224068,59.41
2018-08-01 05:00:00+00:00,64.88923,63.36
2018-08-01 06:00:00+00:00,68.937454,70.02
2018-08-01 07:00:00+00:00,71.82586,71.66
2018-08-01 08:00:00+00:00,72.05773,72.07
2018-08-01 09:00:00+00:00,73.46868,74.24
2018-08-01 10:00:00+00:00,75.17769,75.05
2018-08-01 11:00:00+00:00,76.35655,75.84
2018-08-01 12:00:00+00:00,75.714874,75.63
2018-08-01 13:00:00+00:00,75.10758,74.47
2018-08-01 14:00:00+00:00,73.62661,74.05
2018-08-01 15:00:00+00:00,74.350586,73.5
2018-08-01 16:00:00+00:00,73.02609,72.66
2018-08-01 17:00:00+00:00,72.659836,72.26
2018-08-01 18:00:00+00:00,71.81101,71.71
2018-08-01 19:00:00+00:00,73.123505,73.19
2018-08-01 20:00:00+00:00,73.01271,72.63
2018-08-01 21:00:00+00:00,70.15097,68.94
2018-08-01 22:00:00+00:00,67.898674,65.68
2018-08-01 23:00:00+00:00,62.271996,62.51
2018-08-02 00:00:00+00:00,59.729836,58.79
2018-08-02 01:00:00+00:00,57.95564,57.15999999999999
2018-08-02 02:00:00+00:00,56.1935,57.1
2018-08-02 03:00:00+00:00,57.797977,56.84
2018-08-02 04:00:00+00:00,60.293903,62.17999999999999
2018-08-02 05:00:00+00:00,67.60133,68.07
2018-08-02 06:00:00+00:00,72.09927,72.03
2018-08-02 07:00:00+00:00,72.56773,72.9
2018-08-02 08:00:00+00:00,73.31154,73.05
2018-08-02 09:00:00+00:00,74.34535,74.71
2018-08-02 10:00:00+00:00,74.76208,76.01
2018-08-02 11:00:00+00:00,76.25882,76.99
2018-08-02 12:00:00+00:00,75.681816,76.92
2018-08-02 13:00:00+00:00,74.330444,75.79
2018-08-02 14:00:00+00:00,73.16186,75.41
2018-08-02 15:00:00+00:00,74.219154,75.46
2018-08-02 16:00:00+00:00,73.19638,75.11
2018-08-02 17:00:00+00:00,73.78109,76.64
2018-08-02 18:00:00+00:00,74.33181,75.45
2018-08-02 19:00:00+00:00,75.48424,76.84
2018-08-02 20:00:00+00:00,74.42283,76.54
2018-08-02 21:00:00+00:00,72.14203,73.94
2018-08-02 22:00:00+00:00,72.130356,72.19
2018-08-02 23:00:00+00:00,65.32029,69.58
2018-08-03 00:00:00+00:00,65.75552,67.37
2018-08-03 01:00:00+00:00,65.53108,65.6
2018-08-03 02:00:00+00:00,62.596554,65.71
2018-08-03 03:00:00+00:00,64.65717,66.33
2018-08-03 04:00:00+00:00,67.49878,69.22
2018-08-03 05:00:00+00:00,71.58898,73.07
2018-08-03 06:00:00+00:00,75.03106,76.78
2018-08-03 07:00:00+00:00,76.06044,77.6
2018-08-03 08:00:00+00:00,76.92234,77.26
2018-08-03 09:00:00+00:00,77.423256,77.38
2018-08-03 10:00:00+00:00,76.176575,77.48
2018-08-03 11:00:00+00:00,77.64811,78.48
2018-08-03 12:00:00+00:00,76.986626,77.62
2018-08-03 13:00:00+00:00,75.21169,75.88
2018-08-03 14:00:00+00:00,73.38631,74.85
2018-08-03 15:00:00+00:00,74.38733,76.45
2018-08-03 16:00:00+00:00,75.17767,76.69
2018-08-03 17:00:00+00:00,75.45307,76.41
2018-08-03 18:00:00+00:00,74.33101,76.71
2018-08-03 19:00:00+00:00,77.22778,77.5
2018-08-03 20:00:00+00:00,76.90768,74.41
2018-08-03 21:00:00+00:00,71.259766,71.81
2018-08-03 22:00:00+00:00,73.24148,74.0
2018-08-03 23:00:00+00:00,70.805565,71.2
2018-08-04 00:00:00+00:00,67.600266,69.35
2018-08-04 01:00:00+00:00,67.96164,68.48
2018-08-04 02:00:00+00:00,66.146126,67.84
2018-08-04 03:00:00+00:00,65.859375,67.71
2018-08-04 04:00:00+00:00,66.15158,66.22
2018-08-04 05:00:00+00:00,65.38511,66.1
2018-08-04 06:00:00+00:00,67.63662,68.33
2018-08-04 07:00:00+00:00,67.575645,70.87
2018-08-04 08:00:00+00:00,71.16998,71.78
2018-08-04 09:00:00+00:00,70.10461,73.94
2018-08-04 10:00:00+00:00,72.00894,73.86
2018-08-04 11:00:00+00:00,73.33896,75.64
2018-08-04 12:00:00+00:00,72.39852,75.58
2018-08-04 13:00:00+00:00,71.28616,72.27
2018-08-04 14:00:00+00:00,67.16846,70.64
2018-08-04 15:00:00+00:00,69.618164,69.84
2018-08-04 16:00:00+00:00,67.02521,69.79
2018-08-04 17:00:00+00:00,69.49862,69.19
2018-08-04 18:00:00+00:00,70.12889,70.4
2018-08-04 19:00:00+00:00,73.58378,72.12
2018-08-04 20:00:00+00:00,73.871895,72.46
2018-08-04 21:00:00+00:00,72.41538,70.93
2018-08-04 22:00:00+00:00,73.398964,70.37
2018-08-04 23:00:00+00:00,67.266,68.37
2018-08-05 00:00:00+00:00,66.28786,66.74
2018-08-05 01:00:00+00:00,65.66683,63.72
2018-08-05 02:00:00+00:00,61.26615,63.5
2018-08-05 03:00:00+00:00,60.80128,63.239999999999995
2018-08-05 04:00:00+00:00,61.979733,63.22
2018-08-05 05:00:00+00:00,61.86288,60.85
2018-08-05 06:00:00+00:00,61.54697,63.37
2018-08-05 07:00:00+00:00,63.62559,66.51
2018-08-05 08:00:00+00:00,67.82204,68.21
2018-08-05 09:00:00+00:00,69.48597,70.6
2018-08-05 10:00:00+00:00,68.928894,72.11
2018-08-05 11:00:00+00:00,73.29751,74.06
2018-08-05 12:00:00+00:00,72.55982,74.39
2018-08-05 13:00:00+00:00,69.98702,72.45
2018-08-05 14:00:00+00:00,68.12268,71.46
2018-08-05 15:00:00+00:00,69.21706,70.89
2018-08-05 16:00:00+00:00,69.0425,71.19
2018-08-05 17:00:00+00:00,71.23267,71.86
2018-08-05 18:00:00+00:00,72.436295,73.25
2018-08-05 19:00:00+00:00,75.75852,77.69
2018-08-05 20:00:00+00:00,77.89056,78.36
2018-08-05 21:00:00+00:00,74.654945,76.13
2018-08-05 22:00:00+00:00,73.891754,70.9
2018-08-05 23:00:00+00:00,65.52953,68.38
2018-08-06 00:00:00+00:00,62.897346,66.33
2018-08-06 01:00:00+00:00,65.244736,65.31
2018-08-06 02:00:00+00:00,63.655334,64.34
2018-08-06 03:00:00+00:00,64.35605,66.23
2018-08-06 04:00:00+00:00,69.002174,68.66
2018-08-06 05:00:00+00:00,71.73695,70.54
2018-08-06 06:00:00+00:00,73.75112,73.76
2018-08-06 07:00:00+00:00,75.061646,75.64
2018-08-06 08:00:00+00:00,76.3314,76.21
2018-08-06 09:00:00+00:00,76.93896,77.23
2018-08-06 10:00:00+00:00,77.424034,77.42
2018-08-06 11:00:00+00:00,78.80868,77.5
2018-08-06 12:00:00+00:00,77.44166,77.3
2018-08-06 13:00:00+00:00,77.50732,76.26
2018-08-06 14:00:00+00:00,75.20651,75.87
2018-08-06 15:00:00+00:00,76.901566,77.24
2018-08-06 16:00:00+00:00,76.72895,81.19
2018-08-06 17:00:00+00:00,80.47292,81.03
2018-08-06 18:00:00+00:00,78.4374,81.59
2018-08-06 19:00:00+00:00,82.1676,82.59
2018-08-06 20:00:00+00:00,81.46724,78.88
2018-08-06 21:00:00+00:00,74.72109,73.3
2018-08-06 22:00:00+00:00,74.287506,67.17
2018-08-06 23:00:00+00:00,64.79096,64.44
2018-08-07 00:00:00+00:00,62.263584,60.13
2018-08-07 01:00:00+00:00,60.26031,59.21
2018-08-07 02:00:00+00:00,57.954193,58.699999999999996
2018-08-07 03:00:00+00:00,60.955715,58.79
2018-08-07 04:00:00+00:00,63.783894,62.83
2018-08-07 05:00:00+00:00,67.42879,68.97
2018-08-07 06:00:00+00:00,72.961685,73.25
2018-08-07 07:00:00+00:00,74.3191,76.36
2018-08-07 08:00:00+00:00,75.771545,75.0
2018-08-07 09:00:00+00:00,74.86925,74.75
2018-08-07 10:00:00+00:00,73.95875,73.69
2018-08-07 11:00:00+00:00,75.92715,73.98
2018-08-07 12:00:00+00:00,74.09215,73.17
2018-08-07 13:00:00+00:00,72.65158,73.38
2018-08-07 14:00:00+00:00,72.97668,73.33
2018-08-07 15:00:00+00:00,74.05008,75.48
2018-08-07 16:00:00+00:00,75.53239,75.14
2018-08-07 17:00:00+00:00,75.01256,74.2
2018-08-07 18:00:00+00:00,73.53623,74.22
2018-08-07 19:00:00+00:00,76.49175,75.17
2018-08-07 20:00:00+00:00,73.98957,74.12
2018-08-07 21:00:00+00:00,70.11008,68.43
2018-08-07 22:00:00+00:00,67.632385,68.97
2018-08-07 23:00:00+00:00,64.65832,67.31
2018-08-08 00:00:00+00:00,63.785946,64.71
2018-08-08 01:00:00+00:00,63.12617,63.05
2018-08-08 02:00:00+00:00,61.52311,62.919999999999995
2018-08-08 03:00:00+00:00,63.487392,64.72
2018-08-08 04:00:00+00:00,68.575554,67.46
2018-08-08 05:00:00+00:00,71.65496,68.37
2018-08-08 06:00:00+00:00,71.84832,74.12
2018-08-08 07:00:00+00:00,76.79229,75.61
2018-08-08 08:00:00+00:00,76.6951,75.64
2018-08-08 09:00:00+00:00,76.12288,75.49
2018-08-08 10:00:00+00:00,75.375046,76.43
2018-08-08 11:00:00+00:00,76.81218,76.4
2018-08-08 12:00:00+00:00,75.52462,76.36
2018-08-08 13:00:00+00:00,74.84468,71.89
2018-08-08 14:00:00+00:00,70.766014,71.0
2018-08-08 15:00:00+00:00,71.85356,69.7
2018-08-08 16:00:00+00:00,69.27581,70.59
2018-08-08 17:00:00+00:00,71.041954,70.84
2018-08-08 18:00:00+00:00,70.645996,72.36
2018-08-08 19:00:00+00:00,73.390816,75.87
2018-08-08 20:00:00+00:00,74.033585,75.57
2018-08-08 21:00:00+00:00,69.81463,70.82
2018-08-08 22:00:00+00:00,69.07727,67.32
2018-08-08 23:00:00+00:00,63.687325,64.72
2018-08-09 00:00:00+00:00,62.251884,59.75
2018-08-09 01:00:00+00:00,59.12825,59.54
2018-08-09 02:00:00+00:00,59.701176,57.77
2018-08-09 03:00:00+00:00,59.851162,59.88
2018-08-09 04:00:00+00:00,62.417755,63.55
2018-08-09 05:00:00+00:00,67.936226,66.01
2018-08-09 06:00:00+00:00,70.12048,70.68
2018-08-09 07:00:00+00:00,72.750946,71.72
2018-08-09 08:00:00+00:00,72.79511,71.43
2018-08-09 09:00:00+00:00,71.9013,72.36
2018-08-09 10:00:00+00:00,73.52101,73.62
2018-08-09 11:00:00+00:00,74.00327,74.08
2018-08-09 12:00:00+00:00,75.08029,73.19
2018-08-09 13:00:00+00:00,72.16297,72.02
2018-08-09 14:00:00+00:00,71.417206,72.54
2018-08-09 15:00:00+00:00,72.15607,70.29
2018-08-09 16:00:00+00:00,70.63791,69.23
2018-08-09 17:00:00+00:00,70.04078,69.45
2018-08-09 18:00:00+00:00,71.27369,71.77
2018-08-09 19:00:00+00:00,75.07735,73.66
2018-08-09 20:00:00+00:00,73.425766,73.36
2018-08-09 21:00:00+00:00,71.18698,70.99
2018-08-09 22:00:00+00:00,70.67719,64.92
2018-08-09 23:00:00+00:00,59.73011,61.64000000000001
2018-08-10 00:00:00+00:00,59.353058,58.809999999999995
2018-08-10 01:00:00+00:00,58.06119,57.57000000000001
2018-08-10 02:00:00+00:00,56.6759,57.14000000000001
2018-08-10 03:00:00+00:00,57.64418,57.52
2018-08-10 04:00:00+00:00,60.46963,59.81
2018-08-10 05:00:00+00:00,64.84111,62.62
2018-08-10 06:00:00+00:00,66.90903,68.3
2018-08-10 07:00:00+00:00,69.63935,71.56
2018-08-10 08:00:00+00:00,72.00072,72.76
2018-08-10 09:00:00+00:00,73.7779,74.15
2018-08-10 10:00:00+00:00,72.67859,76.11
2018-08-10 11:00:00+00:00,76.38721,76.82
2018-08-10 12:00:00+00:00,74.553474,76.16
2018-08-10 13:00:00+00:00,73.423546,73.04
2018-08-10 14:00:00+00:00,71.40534,72.9
2018-08-10 15:00:00+00:00,72.27549,72.24
2018-08-10 16:00:00+00:00,71.83872,71.21
2018-08-10 17:00:00+00:00,72.55625,70.55
2018-08-10 18:00:00+00:00,72.03873,71.11
2018-08-10 19:00:00+00:00,73.56936,72.5
2018-08-10 20:00:00+00:00,72.248116,72.29
2018-08-10 21:00:00+00:00,68.34327,70.78
2018-08-10 22:00:00+00:00,68.77561,67.92
2018-08-10 23:00:00+00:00,61.869293,66.62
2018-08-11 00:00:00+00:00,62.170765,66.02
2018-08-11 01:00:00+00:00,63.958885,65.17
2018-08-11 02:00:00+00:00,61.604427,65.46
2018-08-11 03:00:00+00:00,63.33039,64.76
2018-08-11 04:00:00+00:00,63.95163,63.28
2018-08-11 05:00:00+00:00,64.24092,63.28
2018-08-11 06:00:00+00:00,65.53915,66.32
2018-08-11 07:00:00+00:00,67.31352,67.87
2018-08-11 08:00:00+00:00,68.38545,68.81
2018-08-11 09:00:00+00:00,69.37145,69.37
2018-08-11 10:00:00+00:00,68.16441,70.47
2018-08-11 11:00:00+00:00,70.236595,71.16
2018-08-11 12:00:00+00:00,69.0535,71.18
2018-08-11 13:00:00+00:00,67.978806,69.5
2018-08-11 14:00:00+00:00,66.83985,69.27
2018-08-11 15:00:00+00:00,68.59589,68.99
2018-08-11 16:00:00+00:00,66.84619,67.83
2018-08-11 17:00:00+00:00,67.65277,69.14
2018-08-11 18:00:00+00:00,68.43525,70.64
2018-08-11 19:00:00+00:00,72.20649,72.43
2018-08-11 20:00:00+00:00,71.57981,73.43
2018-08-11 21:00:00+00:00,69.91362,70.74
2018-08-11 22:00:00+00:00,68.14547,69.6
2018-08-11 23:00:00+00:00,62.651962,68.18
2018-08-12 00:00:00+00:00,63.422806,68.54
2018-08-12 01:00:00+00:00,65.88307,68.84
2018-08-12 02:00:00+00:00,64.34795,68.46
2018-08-12 03:00:00+00:00,64.037796,68.6
2018-08-12 04:00:00+00:00,65.42165,68.3
2018-08-12 05:00:00+00:00,65.5688,67.14
2018-08-12 06:00:00+00:00,65.37852,65.8
2018-08-12 07:00:00+00:00,63.70781,68.14
2018-08-12 08:00:00+00:00,66.1576,66.15
2018-08-12 09:00:00+00:00,65.7382,68.48
2018-08-12 10:00:00+00:00,67.05596,68.66
2018-08-12 11:00:00+00:00,68.30969,69.0
2018-08-12 12:00:00+00:00,65.95618,66.9
2018-08-12 13:00:00+00:00,63.779922,62.919999999999995
2018-08-12 14:00:00+00:00,61.016712,58.03999999999999
2018-08-12 15:00:00+00:00,58.38652,57.53999999999999
2018-08-12 16:00:00+00:00,58.341198,57.66
2018-08-12 17:00:00+00:00,60.90506,65.42
2018-08-12 18:00:00+00:00,69.9015,69.74
2018-08-12 19:00:00+00:00,72.79246,73.96
2018-08-12 20:00:00+00:00,74.036476,75.76
2018-08-12 21:00:00+00:00,71.86045,73.88
2018-08-12 22:00:00+00:00,70.11173,68.97
2018-08-12 23:00:00+00:00,63.34456,66.96
2018-08-13 00:00:00+00:00,61.95872,64.23
2018-08-13 01:00:00+00:00,61.563316,63.65
2018-08-13 02:00:00+00:00,61.471313,62.42000000000001
2018-08-13 03:00:00+00:00,63.50497,63.9
2018-08-13 04:00:00+00:00,68.03921,66.64
2018-08-13 05:00:00+00:00,71.93082,66.74
2018-08-13 06:00:00+00:00,71.356224,73.16
2018-08-13 07:00:00+00:00,74.99593,73.97
2018-08-13 08:00:00+00:00,74.58733,73.26
2018-08-13 09:00:00+00:00,74.04689,74.29
2018-08-13 10:00:00+00:00,76.344925,75.54
2018-08-13 11:00:00+00:00,77.9643,76.09
2018-08-13 12:00:00+00:00,75.912704,75.42
2018-08-13 13:00:00+00:00,73.499626,73.71
2018-08-13 14:00:00+00:00,71.242165,72.69
2018-08-13 15:00:00+00:00,71.15999,71.94
2018-08-13 16:00:00+00:00,70.84951,69.87
2018-08-13 17:00:00+00:00,70.0129,69.49
2018-08-13 18:00:00+00:00,70.21873,69.97
2018-08-13 19:00:00+00:00,72.59239,73.12
2018-08-13 20:00:00+00:00,72.28039,72.28
2018-08-13 21:00:00+00:00,68.21181,67.74
2018-08-13 22:00:00+00:00,67.68244,67.56
2018-08-13 23:00:00+00:00,64.239456,66.67
2018-08-14 00:00:00+00:00,64.126236,60.56
2018-08-14 01:00:00+00:00,59.658726,59.11
2018-08-14 02:00:00+00:00,58.988297,58.699999999999996
2018-08-14 03:00:00+00:00,61.236156,58.57
2018-08-14 04:00:00+00:00,61.077663,63.96
2018-08-14 05:00:00+00:00,69.82043,67.49
2018-08-14 06:00:00+00:00,72.0154,70.58
2018-08-14 07:00:00+00:00,72.38978,71.81
2018-08-14 08:00:00+00:00,72.97172,71.11
2018-08-14 09:00:00+00:00,72.11448,71.4
2018-08-14 10:00:00+00:00,71.629944,71.48
2018-08-14 11:00:00+00:00,72.937126,72.44
2018-08-14 12:00:00+00:00,71.431915,71.94
2018-08-14 13:00:00+00:00,71.795784,71.13
2018-08-14 14:00:00+00:00,70.59398,70.82
2018-08-14 15:00:00+00:00,70.713135,70.83
2018-08-14 16:00:00+00:00,70.42599,70.22
2018-08-14 17:00:00+00:00,69.6289,70.71
2018-08-14 18:00:00+00:00,70.0837,70.68
2018-08-14 19:00:00+00:00,71.210434,72.43
2018-08-14 20:00:00+00:00,69.82288,72.62
2018-08-14 21:00:00+00:00,67.71524,70.02
2018-08-14 22:00:00+00:00,68.55126,65.11
2018-08-14 23:00:00+00:00,62.228012,61.63
2018-08-15 00:00:00+00:00,60.30899,57.77
2018-08-15 01:00:00+00:00,56.855972,58.06999999999999
2018-08-15 02:00:00+00:00,57.850555,57.46000000000001
2018-08-15 03:00:00+00:00,59.81045,57.36999999999999
2018-08-15 04:00:00+00:00,60.871807,57.96999999999999
2018-08-15 05:00:00+00:00,61.425247,58.73
2018-08-15 06:00:00+00:00,64.109535,59.26
2018-08-15 07:00:00+00:00,63.16915,63.82
2018-08-15 08:00:00+00:00,66.14867,64.17
2018-08-15 09:00:00+00:00,66.08854,67.62
2018-08-15 10:00:00+00:00,67.7299,68.68
2018-08-15 11:00:00+00:00,69.86154,69.63
2018-08-15 12:00:00+00:00,69.00221,70.12
2018-08-15 13:00:00+00:00,69.18149,69.06
2018-08-15 14:00:00+00:00,68.325035,69.23
2018-08-15 15:00:00+00:00,69.201866,69.07
2018-08-15 16:00:00+00:00,68.66043,67.54
2018-08-15 17:00:00+00:00,68.78005,69.32
2018-08-15 18:00:00+00:00,69.69258,72.95
2018-08-15 19:00:00+00:00,74.025116,74.79
2018-08-15 20:00:00+00:00,72.91582,75.46
2018-08-15 21:00:00+00:00,71.00187,72.2
2018-08-15 22:00:00+00:00,70.34465,69.49
2018-08-15 23:00:00+00:00,65.60577,67.37
2018-08-16 00:00:00+00:00,63.777485,65.57
2018-08-16 01:00:00+00:00,63.96905,65.23
2018-08-16 02:00:00+00:00,63.82767,64.12
2018-08-16 03:00:00+00:00,63.839714,65.55
2018-08-16 04:00:00+00:00,66.9374,68.76
2018-08-16 05:00:00+00:00,70.2249,69.32
2018-08-16 06:00:00+00:00,70.68202,73.65
2018-08-16 07:00:00+00:00,72.564064,74.43
2018-08-16 08:00:00+00:00,72.67275,74.35
2018-08-16 09:00:00+00:00,73.78527,74.67
2018-08-16 10:00:00+00:00,73.68127,74.94
2018-08-16 11:00:00+00:00,74.473885,75.14
2018-08-16 12:00:00+00:00,74.528755,74.93
2018-08-16 13:00:00+00:00,73.10047,70.93
2018-08-16 14:00:00+00:00,69.2094,70.36
2018-08-16 15:00:00+00:00,70.194534,70.48
2018-08-16 16:00:00+00:00,69.84391,74.6
2018-08-16 17:00:00+00:00,74.441,75.18
2018-08-16 18:00:00+00:00,74.168526,75.46
2018-08-16 19:00:00+00:00,75.05566,75.57
2018-08-16 20:00:00+00:00,73.50457,75.38
2018-08-16 21:00:00+00:00,71.00078,67.79
2018-08-16 22:00:00+00:00,65.87955,67.99
2018-08-16 23:00:00+00:00,63.828526,66.5
2018-08-17 00:00:00+00:00,63.377926,60.15
2018-08-17 01:00:00+00:00,59.139523,58.739999999999995
2018-08-17 02:00:00+00:00,58.78331,57.28000000000001
2018-08-17 03:00:00+00:00,59.691864,57.09
2018-08-17 04:00:00+00:00,60.72472,62.599999999999994
2018-08-17 05:00:00+00:00,65.90234,68.57
2018-08-17 06:00:00+00:00,71.15821,70.85
2018-08-17 07:00:00+00:00,72.183174,70.91
2018-08-17 08:00:00+00:00,70.653114,69.94
2018-08-17 09:00:00+00:00,70.19914,70.21
2018-08-17 10:00:00+00:00,70.72919,70.38
2018-08-17 11:00:00+00:00,71.3164,71.69
2018-08-17 12:00:00+00:00,70.312485,71.88
2018-08-17 13:00:00+00:00,70.1128,69.97
2018-08-17 14:00:00+00:00,68.01994,70.03
2018-08-17 15:00:00+00:00,69.38713,70.45
2018-08-17 16:00:00+00:00,70.062584,71.26
2018-08-17 17:00:00+00:00,73.12284,71.06
2018-08-17 18:00:00+00:00,71.20984,71.01
2018-08-17 19:00:00+00:00,72.661606,70.65
2018-08-17 20:00:00+00:00,69.36347,70.79
2018-08-17 21:00:00+00:00,67.85103,62.31000000000001
2018-08-17 22:00:00+00:00,62.691113,62.97
2018-08-17 23:00:00+00:00,61.137836,60.56
2018-08-18 00:00:00+00:00,58.587326,54.82
2018-08-18 01:00:00+00:00,54.695606,53.48
2018-08-18 02:00:00+00:00,54.409763,53.42
2018-08-18 03:00:00+00:00,54.5362,53.29
2018-08-18 04:00:00+00:00,55.365887,54.529999999999994
2018-08-18 05:00:00+00:00,58.49167,55.81
2018-08-18 06:00:00+00:00,59.19665,60.47
2018-08-18 07:00:00+00:00,62.109936,62.81999999999999
2018-08-18 08:00:00+00:00,64.017914,59.82
2018-08-18 09:00:00+00:00,60.57892,60.730000000000004
2018-08-18 10:00:00+00:00,61.9088,64.19
2018-08-18 11:00:00+00:00,65.80426,68.08
2018-08-18 12:00:00+00:00,66.87869,70.08
2018-08-18 13:00:00+00:00,67.09527,67.5
2018-08-18 14:00:00+00:00,64.72677,67.2
2018-08-18 15:00:00+00:00,66.596756,66.69
2018-08-18 16:00:00+00:00,66.62726,67.53
2018-08-18 17:00:00+00:00,67.908325,69.5
2018-08-18 18:00:00+00:00,69.83624,70.64
2018-08-18 19:00:00+00:00,71.861206,71.57
2018-08-18 20:00:00+00:00,70.31635,71.17
2018-08-18 21:00:00+00:00,67.044495,67.98
2018-08-18 22:00:00+00:00,66.36312,61.98
2018-08-18 23:00:00+00:00,58.83156,61.36000000000001
2018-08-19 00:00:00+00:00,58.807472,58.12
2018-08-19 01:00:00+00:00,56.950653,56.790000000000006
2018-08-19 02:00:00+00:00,54.205837,56.690000000000005
2018-08-19 03:00:00+00:00,55.011112,56.17
2018-08-19 04:00:00+00:00,54.223667,56.31
2018-08-19 05:00:00+00:00,54.78986,56.43
2018-08-19 06:00:00+00:00,56.70817,56.90999999999999
2018-08-19 07:00:00+00:00,56.70207,57.77
2018-08-19 08:00:00+00:00,57.372585,62.10999999999999
2018-08-19 09:00:00+00:00,62.299255,61.46000000000001
2018-08-19 10:00:00+00:00,60.991653,66.66
2018-08-19 11:00:00+00:00,67.33529,68.25
2018-08-19 12:00:00+00:00,66.52243,69.01
2018-08-19 13:00:00+00:00,65.85015,67.8
2018-08-19 14:00:00+00:00,64.50318,66.9
2018-08-19 15:00:00+00:00,64.91493,63.82
2018-08-19 16:00:00+00:00,62.941147,63.41
2018-08-19 17:00:00+00:00,65.98814,68.0
2018-08-19 18:00:00+00:00,71.34737,72.71
2018-08-19 19:00:00+00:00,76.461205,73.1
2018-08-19 20:00:00+00:00,72.03894,73.66
2018-08-19 21:00:00+00:00,70.10824,68.82
2018-08-19 22:00:00+00:00,65.81772,66.71
2018-08-19 23:00:00+00:00,62.008564,61.09
2018-08-20 00:00:00+00:00,56.99491,58.989999999999995
2018-08-20 01:00:00+00:00,56.987736,59.68
2018-08-20 02:00:00+00:00,57.571003,57.25000000000001
2018-08-20 03:00:00+00:00,57.33276,57.82999999999999
2018-08-20 04:00:00+00:00,60.552567,61.71000000000001
2018-08-20 05:00:00+00:00,65.9808,67.52
2018-08-20 06:00:00+00:00,70.08394,70.43
2018-08-20 07:00:00+00:00,70.643555,71.06
2018-08-20 08:00:00+00:00,71.39246,71.56
2018-08-20 09:00:00+00:00,72.57695,73.82
2018-08-20 10:00:00+00:00,73.957596,74.11
2018-08-20 11:00:00+00:00,74.38902,75.11
2018-08-20 12:00:00+00:00,74.59949,75.3
2018-08-20 13:00:00+00:00,74.405136,74.18
2018-08-20 14:00:00+00:00,72.96292,73.24
2018-08-20 15:00:00+00:00,73.26379,73.32
2018-08-20 16:00:00+00:00,72.53224,72.05
2018-08-20 17:00:00+00:00,73.19971,72.95
2018-08-20 18:00:00+00:00,73.33901,73.1
2018-08-20 19:00:00+00:00,74.151306,75.06
2018-08-20 20:00:00+00:00,72.494934,74.12
2018-08-20 21:00:00+00:00,69.97751,70.09
2018-08-20 22:00:00+00:00,67.69157,63.93
2018-08-20 23:00:00+00:00,60.801704,60.690000000000005
2018-08-21 00:00:00+00:00,59.804726,59.47
2018-08-21 01:00:00+00:00,58.70642,58.15
2018-08-21 02:00:00+00:00,57.58532,58.54
2018-08-21 03:00:00+00:00,59.818012,58.55
2018-08-21 04:00:00+00:00,61.31318,68.72
2018-08-21 05:00:00+00:00,72.449394,71.17
2018-08-21 06:00:00+00:00,72.89723,74.11
2018-08-21 07:00:00+00:00,73.152054,77.84
2018-08-21 08:00:00+00:00,77.33978,77.99
2018-08-21 09:00:00+00:00,76.661736,78.57
2018-08-21 10:00:00+00:00,78.071075,78.54
2018-08-21 11:00:00+00:00,78.49951,79.25
2018-08-21 12:00:00+00:00,77.53985,78.26
2018-08-21 13:00:00+00:00,76.527336,76.1
2018-08-21 14:00:00+00:00,74.35378,75.83
2018-08-21 15:00:00+00:00,74.77793,77.67
2018-08-21 16:00:00+00:00,77.07765,77.6
2018-08-21 17:00:00+00:00,75.89754,76.75
2018-08-21 18:00:00+00:00,74.80219,78.08
2018-08-21 19:00:00+00:00,79.07528,79.19
2018-08-21 20:00:00+00:00,75.70082,76.29
2018-08-21 21:00:00+00:00,71.84453,68.46
2018-08-21 22:00:00+00:00,68.0877,67.98
2018-08-21 23:00:00+00:00,64.463936,66.47
2018-08-22 00:00:00+00:00,63.197453,64.73
2018-08-22 01:00:00+00:00,63.440964,63.76
2018-08-22 02:00:00+00:00,62.09581,63.71
2018-08-22 03:00:00+00:00,64.231026,65.05
2018-08-22 04:00:00+00:00,68.13981,71.79
2018-08-22 05:00:00+00:00,74.869576,75.16
2018-08-22 06:00:00+00:00,76.99244,78.32
2018-08-22 07:00:00+00:00,76.96632,81.08
2018-08-22 08:00:00+00:00,79.749985,79.74
2018-08-22 09:00:00+00:00,79.23293,80.19
2018-08-22 10:00:00+00:00,79.290985,81.44
2018-08-22 11:00:00+00:00,82.65964,80.92
2018-08-22 12:00:00+00:00,78.82284,78.95
2018-08-22 13:00:00+00:00,77.10754,78.8
2018-08-22 14:00:00+00:00,77.694626,77.39
2018-08-22 15:00:00+00:00,77.18422,77.33
2018-08-22 16:00:00+00:00,77.443825,76.8
2018-08-22 17:00:00+00:00,77.37279,76.57
2018-08-22 18:00:00+00:00,77.027245,78.4
2018-08-22 19:00:00+00:00,80.328766,79.71
2018-08-22 20:00:00+00:00,76.558914,78.43
2018-08-22 21:00:00+00:00,73.17812,72.22
2018-08-22 22:00:00+00:00,71.48814,71.24
2018-08-22 23:00:00+00:00,67.083595,67.1
2018-08-23 00:00:00+00:00,64.131325,64.5
2018-08-23 01:00:00+00:00,63.508507,63.88
2018-08-23 02:00:00+00:00,62.446453,63.19
2018-08-23 03:00:00+00:00,63.901203,64.58
2018-08-23 04:00:00+00:00,67.199425,70.07
2018-08-23 05:00:00+00:00,73.68095,72.82
2018-08-23 06:00:00+00:00,75.181786,75.37
2018-08-23 07:00:00+00:00,76.17133,77.6
2018-08-23 08:00:00+00:00,77.81392,79.03
2018-08-23 09:00:00+00:00,80.09163,78.53
2018-08-23 10:00:00+00:00,79.0918,77.97
2018-08-23 11:00:00+00:00,77.82161,76.94
2018-08-23 12:00:00+00:00,76.46206,76.58
2018-08-23 13:00:00+00:00,75.5188,72.92
2018-08-23 14:00:00+00:00,71.609795,73.65
2018-08-23 15:00:00+00:00,73.97158,75.41
2018-08-23 16:00:00+00:00,74.26999,76.09
2018-08-23 17:00:00+00:00,75.6254,76.11
2018-08-23 18:00:00+00:00,75.240845,76.09
2018-08-23 19:00:00+00:00,76.83709,77.89
2018-08-23 20:00:00+00:00,75.80528,75.38
2018-08-23 21:00:00+00:00,70.94949,69.13
2018-08-23 22:00:00+00:00,68.616974,70.08
2018-08-23 23:00:00+00:00,66.37865,66.16
2018-08-24 00:00:00+00:00,62.33134,63.92
2018-08-24 01:00:00+00:00,62.710316,62.24000000000001
2018-08-24 02:00:00+00:00,61.475548,60.59
2018-08-24 03:00:00+00:00,60.939983,60.35
2018-08-24 04:00:00+00:00,64.13994,66.43
2018-08-24 05:00:00+00:00,70.02276,70.36
2018-08-24 06:00:00+00:00,72.4636,74.04
2018-08-24 07:00:00+00:00,74.30049,75.8
2018-08-24 08:00:00+00:00,76.48943,75.47
2018-08-24 09:00:00+00:00,76.28982,75.1
2018-08-24 10:00:00+00:00,75.074715,74.88
2018-08-24 11:00:00+00:00,75.33724,75.33
2018-08-24 12:00:00+00:00,75.36134,75.09
2018-08-24 13:00:00+00:00,73.539406,70.87
2018-08-24 14:00:00+00:00,69.864845,70.47
2018-08-24 15:00:00+00:00,71.449776,68.58
2018-08-24 16:00:00+00:00,69.57346,70.0
2018-08-24 17:00:00+00:00,72.07861,74.04
2018-08-24 18:00:00+00:00,75.63189,73.8
2018-08-24 19:00:00+00:00,75.58988,73.44
2018-08-24 20:00:00+00:00,72.37817,72.4
2018-08-24 21:00:00+00:00,69.41702,69.92
2018-08-24 22:00:00+00:00,69.37112,69.74
2018-08-24 23:00:00+00:00,65.89006,67.36
2018-08-25 00:00:00+00:00,63.280235,66.06
2018-08-25 01:00:00+00:00,64.36384,64.91
2018-08-25 02:00:00+00:00,63.002487,64.31
2018-08-25 03:00:00+00:00,63.567863,63.73
2018-08-25 04:00:00+00:00,64.83096,64.62
2018-08-25 05:00:00+00:00,65.85389,64.55
2018-08-25 06:00:00+00:00,66.351364,64.77
2018-08-25 07:00:00+00:00,66.01942,67.43
2018-08-25 08:00:00+00:00,68.33698,66.87
2018-08-25 09:00:00+00:00,66.92917,68.12
2018-08-25 10:00:00+00:00,67.375626,70.34
2018-08-25 11:00:00+00:00,71.40549,71.32
2018-08-25 12:00:00+00:00,69.26985,71.4
2018-08-25 13:00:00+00:00,68.265434,69.47
2018-08-25 14:00:00+00:00,66.1424,66.85
2018-08-25 15:00:00+00:00,64.81139,64.93
2018-08-25 16:00:00+00:00,64.625824,69.83
2018-08-25 17:00:00+00:00,71.42783,71.78
2018-08-25 18:00:00+00:00,71.23114,73.55
2018-08-25 19:00:00+00:00,73.739334,73.41
2018-08-25 20:00:00+00:00,71.02964,72.93
2018-08-25 21:00:00+00:00,69.29707,71.81
2018-08-25 22:00:00+00:00,68.90184,71.57
2018-08-25 23:00:00+00:00,66.133705,71.0
2018-08-26 00:00:00+00:00,65.3696,67.39
2018-08-26 01:00:00+00:00,64.19315,67.74
2018-08-26 02:00:00+00:00,63.791492,65.92
2018-08-26 03:00:00+00:00,63.474007,66.28
2018-08-26 04:00:00+00:00,64.78154,67.4
2018-08-26 05:00:00+00:00,66.68354,67.33
2018-08-26 06:00:00+00:00,66.318794,66.47
2018-08-26 07:00:00+00:00,64.93401,69.09
2018-08-26 08:00:00+00:00,68.53097,68.22
2018-08-26 09:00:00+00:00,66.69402,70.13
2018-08-26 10:00:00+00:00,67.776924,70.38
2018-08-26 11:00:00+00:00,68.869194,72.14
2018-08-26 12:00:00+00:00,69.76608,72.54
2018-08-26 13:00:00+00:00,68.12158,70.04
2018-08-26 14:00:00+00:00,65.04479,69.55
2018-08-26 15:00:00+00:00,67.54213,69.5
2018-08-26 16:00:00+00:00,68.6015,68.48
2018-08-26 17:00:00+00:00,70.8823,73.86
2018-08-26 18:00:00+00:00,76.42459,75.81
2018-08-26 19:00:00+00:00,76.94817,79.82
2018-08-26 20:00:00+00:00,77.85544,79.77
2018-08-26 21:00:00+00:00,74.729645,75.61
2018-08-26 22:00:00+00:00,71.831566,70.79
2018-08-26 23:00:00+00:00,65.73632,69.16
2018-08-27 00:00:00+00:00,64.69356,65.39
2018-08-27 01:00:00+00:00,63.427963,61.84
2018-08-27 02:00:00+00:00,59.67899,60.82
2018-08-27 03:00:00+00:00,61.740807,61.03
2018-08-27 04:00:00+00:00,65.31956,65.19
2018-08-27 05:00:00+00:00,69.88746,69.09
2018-08-27 06:00:00+00:00,74.355606,74.03
2018-08-27 07:00:00+00:00,75.239494,74.67
2018-08-27 08:00:00+00:00,75.88892,75.16
2018-08-27 09:00:00+00:00,75.9304,74.25
2018-08-27 10:00:00+00:00,75.51321,75.06
2018-08-27 11:00:00+00:00,77.541275,75.36
2018-08-27 12:00:00+00:00,75.459175,75.4
2018-08-27 13:00:00+00:00,75.36275,74.07
2018-08-27 14:00:00+00:00,74.34057,73.91
2018-08-27 15:00:00+00:00,75.07942,76.27
2018-08-27 16:00:00+00:00,76.63322,78.8
2018-08-27 17:00:00+00:00,80.37491,80.19
2018-08-27 18:00:00+00:00,79.44003,80.45
2018-08-27 19:00:00+00:00,81.25428,81.21
2018-08-27 20:00:00+00:00,78.58298,80.76
2018-08-27 21:00:00+00:00,75.396225,73.84
2018-08-27 22:00:00+00:00,72.18197,69.4
2018-08-27 23:00:00+00:00,66.166405,66.01
2018-08-28 00:00:00+00:00,63.74792,63.79
2018-08-28 01:00:00+00:00,62.281845,62.19
2018-08-28 02:00:00+00:00,61.01381,61.15999999999999
2018-08-28 03:00:00+00:00,61.68819,61.8
2018-08-28 04:00:00+00:00,64.84313,68.36
2018-08-28 05:00:00+00:00,72.66272,74.32
2018-08-28 06:00:00+00:00,76.9903,77.25
2018-08-28 07:00:00+00:00,76.73345,78.3
2018-08-28 08:00:00+00:00,77.55224,78.67
2018-08-28 09:00:00+00:00,77.27399,78.08
2018-08-28 10:00:00+00:00,77.46334,76.94
2018-08-28 11:00:00+00:00,76.86704,74.85
2018-08-28 12:00:00+00:00,73.48996,74.5
2018-08-28 13:00:00+00:00,73.79592,73.63
2018-08-28 14:00:00+00:00,72.206245,75.09
2018-08-28 15:00:00+00:00,75.72299,76.46
2018-08-28 16:00:00+00:00,75.15791,77.11
2018-08-28 17:00:00+00:00,77.82039,77.42
2018-08-28 18:00:00+00:00,77.04418,81.01
2018-08-28 19:00:00+00:00,82.17881,83.32
2018-08-28 20:00:00+00:00,79.79043,77.78
2018-08-28 21:00:00+00:00,72.82791,73.81
2018-08-28 22:00:00+00:00,73.85806,74.21
2018-08-28 23:00:00+00:00,69.66355,71.61
2018-08-29 00:00:00+00:00,67.531654,70.48
2018-08-29 01:00:00+00:00,68.29333,68.31
2018-08-29 02:00:00+00:00,66.430824,68.01
2018-08-29 03:00:00+00:00,68.24642,68.03
2018-08-29 04:00:00+00:00,70.82036,70.32
2018-08-29 05:00:00+00:00,74.45128,75.88
2018-08-29 06:00:00+00:00,79.312355,79.08
2018-08-29 07:00:00+00:00,79.897606,83.12
2018-08-29 08:00:00+00:00,82.85561,81.38
2018-08-29 09:00:00+00:00,82.029854,81.88
2018-08-29 10:00:00+00:00,80.22052,82.61
2018-08-29 11:00:00+00:00,82.26784,83.06
2018-08-29 12:00:00+00:00,81.12028,82.4
2018-08-29 13:00:00+00:00,79.95658,78.51
2018-08-29 14:00:00+00:00,77.20283,77.73
2018-08-29 15:00:00+00:00,77.751,77.46
2018-08-29 16:00:00+00:00,76.847374,78.21
2018-08-29 17:00:00+00:00,78.202324,78.22
2018-08-29 18:00:00+00:00,78.37777,78.57
2018-08-29 19:00:00+00:00,79.39421,77.37
2018-08-29 20:00:00+00:00,75.177956,75.85
2018-08-29 21:00:00+00:00,73.00623,70.53
2018-08-29 22:00:00+00:00,70.417816,69.04
2018-08-29 23:00:00+00:00,66.7291,65.59
2018-08-30 00:00:00+00:00,64.50687,63.16
2018-08-30 01:00:00+00:00,63.34709,62.459999999999994
2018-08-30 02:00:00+00:00,62.450123,61.85000000000001
2018-08-30 03:00:00+00:00,63.712017,63.04
2018-08-30 04:00:00+00:00,66.90561,68.5
2018-08-30 05:00:00+00:00,73.676315,75.8
2018-08-30 06:00:00+00:00,80.710175,79.49
2018-08-30 07:00:00+00:00,80.68882,82.4
2018-08-30 08:00:00+00:00,82.583984,81.31
2018-08-30 09:00:00+00:00,81.4285,81.39
2018-08-30 10:00:00+00:00,81.226074,81.06
2018-08-30 11:00:00+00:00,82.35383,81.9
2018-08-30 12:00:00+00:00,81.76871,80.45
2018-08-30 13:00:00+00:00,78.74827,79.62
2018-08-30 14:00:00+00:00,79.47898,78.62
2018-08-30 15:00:00+00:00,79.13026,77.76
2018-08-30 16:00:00+00:00,77.38278,79.33
2018-08-30 17:00:00+00:00,81.90252,79.7
2018-08-30 18:00:00+00:00,79.70853,79.78
2018-08-30 19:00:00+00:00,80.421715,79.92
2018-08-30 20:00:00+00:00,77.013466,77.13
2018-08-30 21:00:00+00:00,72.207886,71.43
2018-08-30 22:00:00+00:00,70.35335,68.56
2018-08-30 23:00:00+00:00,65.53945,64.87
2018-08-31 00:00:00+00:00,62.463818,62.73
2018-08-31 01:00:00+00:00,62.24563,61.50999999999999
2018-08-31 02:00:00+00:00,60.47799,61.38
2018-08-31 03:00:00+00:00,62.520996,61.31
2018-08-31 04:00:00+00:00,64.6427,67.69
2018-08-31 05:00:00+00:00,72.58203,76.07
2018-08-31 06:00:00+00:00,79.85801,78.4
2018-08-31 07:00:00+00:00,78.683716,78.61
2018-08-31 08:00:00+00:00,78.32793,79.51
2018-08-31 09:00:00+00:00,80.019356,79.33
2018-08-31 10:00:00+00:00,79.437355,78.68
2018-08-31 11:00:00+00:00,79.60305,78.26
2018-08-31 12:00:00+00:00,78.14764,78.18
2018-08-31 13:00:00+00:00,77.347725,76.3
2018-08-31 14:00:00+00:00,75.6284,75.58
2018-08-31 15:00:00+00:00,76.469025,75.01
2018-08-31 16:00:00+00:00,75.47564,77.35
2018-08-31 17:00:00+00:00,79.26148,77.99
2018-08-31 18:00:00+00:00,77.94219,78.88
2018-08-31 19:00:00+00:00,78.70829,78.17
2018-08-31 20:00:00+00:00,75.596085,75.81
2018-08-31 21:00:00+00:00,70.67103,70.64
2018-08-31 22:00:00+00:00,69.384415,71.11
2018-08-31 23:00:00+00:00,66.45398,66.27
2018-09-01 00:00:00+00:00,62.96431,63.6
2018-09-01 01:00:00+00:00,62.804264,62.4
2018-09-01 02:00:00+00:00,61.161613,62.44
2018-09-01 03:00:00+00:00,61.40344,61.24
2018-09-01 04:00:00+00:00,62.64054,61.150000000000006
2018-09-01 05:00:00+00:00,63.807,62.529999999999994
2018-09-01 06:00:00+00:00,65.88373,66.38
2018-09-01 07:00:00+00:00,68.40174,71.77
2018-09-01 08:00:00+00:00,71.35575,70.32
2018-09-01 09:00:00+00:00,69.93684,70.99
2018-09-01 10:00:00+00:00,70.85043,69.72
2018-09-01 11:00:00+00:00,69.66519,73.01
2018-09-01 12:00:00+00:00,72.01876,73.46
2018-09-01 13:00:00+00:00,70.41058,72.33
2018-09-01 14:00:00+00:00,69.29931,69.8
2018-09-01 15:00:00+00:00,68.56805,68.13
2018-09-01 16:00:00+00:00,67.78535,74.72
2018-09-01 17:00:00+00:00,76.13912,76.4
2018-09-01 18:00:00+00:00,75.53043,80.22
2018-09-01 19:00:00+00:00,80.87508,79.77
2018-09-01 20:00:00+00:00,77.29759,77.25
2018-09-01 21:00:00+00:00,73.935875,76.08
2018-09-01 22:00:00+00:00,73.75557,70.86
2018-09-01 23:00:00+00:00,65.65373,66.18
2018-09-02 00:00:00+00:00,62.192917,64.37
2018-09-02 01:00:00+00:00,62.210114,64.94
2018-09-02 02:00:00+00:00,60.82272,64.98
2018-09-02 03:00:00+00:00,61.797485,65.08
2018-09-02 04:00:00+00:00,62.533924,64.67
2018-09-02 05:00:00+00:00,64.69402,65.08
2018-09-02 06:00:00+00:00,63.85202,65.82
2018-09-02 07:00:00+00:00,65.13511,68.6
2018-09-02 08:00:00+00:00,67.85714,67.85
2018-09-02 09:00:00+00:00,67.08804,70.23
2018-09-02 10:00:00+00:00,69.34673,71.3
2018-09-02 11:00:00+00:00,69.833305,72.58
2018-09-02 12:00:00+00:00,70.02052,72.86
2018-09-02 13:00:00+00:00,68.52431,70.21
2018-09-02 14:00:00+00:00,65.40727,71.1
2018-09-02 15:00:00+00:00,69.06891,72.14
2018-09-02 16:00:00+00:00,69.53141,70.26
2018-09-02 17:00:00+00:00,71.72244,75.8
2018-09-02 18:00:00+00:00,78.151024,79.88
2018-09-02 19:00:00+00:00,80.91904,82.08
2018-09-02 20:00:00+00:00,80.21519,81.64
2018-09-02 21:00:00+00:00,76.58873,76.75
2018-09-02 22:00:00+00:00,72.11685,76.88
2018-09-02 23:00:00+00:00,68.32332,74.66
2018-09-03 00:00:00+00:00,67.400894,71.45
2018-09-03 01:00:00+00:00,67.38246,69.12
2018-09-03 02:00:00+00:00,64.75887,68.31
2018-09-03 03:00:00+00:00,67.68255,68.23
2018-09-03 04:00:00+00:00,68.299225,73.11
2018-09-03 05:00:00+00:00,76.13711,77.77
2018-09-03 06:00:00+00:00,80.28605,80.61
2018-09-03 07:00:00+00:00,80.026344,81.29
2018-09-03 08:00:00+00:00,81.49836,80.57
2018-09-03 09:00:00+00:00,81.74788,81.89
2018-09-03 10:00:00+00:00,81.79694,82.37
2018-09-03 11:00:00+00:00,83.08722,82.43
2018-09-03 12:00:00+00:00,80.718475,81.36
2018-09-03 13:00:00+00:00,79.31547,79.62
2018-09-03 14:00:00+00:00,77.98686,78.67
2018-09-03 15:00:00+00:00,78.11197,78.18
2018-09-03 16:00:00+00:00,78.18845,80.05
2018-09-03 17:00:00+00:00,82.105995,79.89
2018-09-03 18:00:00+00:00,80.11189,80.25
2018-09-03 19:00:00+00:00,81.6323,81.02
2018-09-03 20:00:00+00:00,78.05793,79.16
2018-09-03 21:00:00+00:00,75.07113,77.4
2018-09-03 22:00:00+00:00,75.46234,74.1
2018-09-03 23:00:00+00:00,71.937,72.64
2018-09-04 00:00:00+00:00,70.132034,69.43
2018-09-04 01:00:00+00:00,68.77969,67.06
2018-09-04 02:00:00+00:00,67.87474,66.98
2018-09-04 03:00:00+00:00,69.58484,68.46
2018-09-04 04:00:00+00:00,72.54902,72.17
2018-09-04 05:00:00+00:00,76.57035,78.42
2018-09-04 06:00:00+00:00,82.52995,81.35
2018-09-04 07:00:00+00:00,80.60862,81.8
2018-09-04 08:00:00+00:00,81.62514,81.51
2018-09-04 09:00:00+00:00,81.89155,82.04
2018-09-04 10:00:00+00:00,83.0824,82.03
2018-09-04 11:00:00+00:00,83.066536,82.73
2018-09-04 12:00:00+00:00,82.590454,82.32
2018-09-04 13:00:00+00:00,81.37848,80.76
2018-09-04 14:00:00+00:00,79.62265,80.2
2018-09-04 15:00:00+00:00,81.291084,79.67
2018-09-04 16:00:00+00:00,78.6165,80.71
2018-09-04 17:00:00+00:00,81.77264,82.03
2018-09-04 18:00:00+00:00,80.28492,82.74
2018-09-04 19:00:00+00:00,83.054665,83.05
2018-09-04 20:00:00+00:00,80.384834,81.18
2018-09-04 21:00:00+00:00,77.88237,79.35
2018-09-04 22:00:00+00:00,78.37897,74.96
2018-09-04 23:00:00+00:00,70.914986,73.77
2018-09-05 00:00:00+00:00,69.8845,71.96
2018-09-05 01:00:00+00:00,69.93089,72.15
2018-09-05 02:00:00+00:00,70.54684,72.03
2018-09-05 03:00:00+00:00,72.77116,72.5
2018-09-05 04:00:00+00:00,75.867836,75.45
2018-09-05 05:00:00+00:00,79.45346,81.27
2018-09-05 06:00:00+00:00,84.505356,83.72
2018-09-05 07:00:00+00:00,84.22509,84.08
2018-09-05 08:00:00+00:00,84.24783,84.19
2018-09-05 09:00:00+00:00,85.85282,85.06
2018-09-05 10:00:00+00:00,84.8655,85.15
2018-09-05 11:00:00+00:00,85.67535,85.07
2018-09-05 12:00:00+00:00,84.21125,84.63
2018-09-05 13:00:00+00:00,83.34307,82.94
2018-09-05 14:00:00+00:00,81.54001,82.43
2018-09-05 15:00:00+00:00,82.20646,82.48
2018-09-05 16:00:00+00:00,81.99728,83.44
2018-09-05 17:00:00+00:00,83.939316,85.27
2018-09-05 18:00:00+00:00,84.2007,86.7
2018-09-05 19:00:00+00:00,86.167496,84.49
2018-09-05 20:00:00+00:00,81.600746,81.35
2018-09-05 21:00:00+00:00,77.78108,80.67
2018-09-05 22:00:00+00:00,78.98861,75.03
2018-09-05 23:00:00+00:00,71.16758,73.32
2018-09-06 00:00:00+00:00,70.9437,70.06
2018-09-06 01:00:00+00:00,69.82363,67.28
2018-09-06 02:00:00+00:00,67.2103,64.74
2018-09-06 03:00:00+00:00,66.31778,65.82
2018-09-06 04:00:00+00:00,69.62679,72.17
2018-09-06 05:00:00+00:00,77.75702,79.26
2018-09-06 06:00:00+00:00,83.057976,81.85
2018-09-06 07:00:00+00:00,83.89514,82.49
2018-09-06 08:00:00+00:00,83.32758,81.72
2018-09-06 09:00:00+00:00,82.75237,81.5
2018-09-06 10:00:00+00:00,81.65904,79.57
2018-09-06 11:00:00+00:00,80.90561,80.45
2018-09-06 12:00:00+00:00,80.65076,78.56
2018-09-06 13:00:00+00:00,78.04589,77.46
2018-09-06 14:00:00+00:00,77.53951,76.66
2018-09-06 15:00:00+00:00,77.74744,80.19
2018-09-06 16:00:00+00:00,80.81571,80.63
2018-09-06 17:00:00+00:00,81.9442,80.97
2018-09-06 18:00:00+00:00,81.75602,81.52
2018-09-06 19:00:00+00:00,82.79415,81.29
2018-09-06 20:00:00+00:00,80.68878,78.01
2018-09-06 21:00:00+00:00,75.900024,75.62
2018-09-06 22:00:00+00:00,76.99669,70.7
2018-09-06 23:00:00+00:00,69.00329,64.92
2018-09-07 00:00:00+00:00,64.65992,62.20000000000001
2018-09-07 01:00:00+00:00,62.949085,60.5
2018-09-07 02:00:00+00:00,60.977196,59.92
2018-09-07 03:00:00+00:00,61.81861,59.92
2018-09-07 04:00:00+00:00,63.897118,71.48
2018-09-07 05:00:00+00:00,77.54429,77.91
2018-09-07 06:00:00+00:00,80.509285,81.41
2018-09-07 07:00:00+00:00,80.18246,82.84
2018-09-07 08:00:00+00:00,82.28993,81.72
2018-09-07 09:00:00+00:00,82.08472,80.55
2018-09-07 10:00:00+00:00,79.50063,78.48
2018-09-07 11:00:00+00:00,78.76398,78.53
2018-09-07 12:00:00+00:00,77.682594,77.37
2018-09-07 13:00:00+00:00,76.132324,76.47
2018-09-07 14:00:00+00:00,75.74198,76.72
2018-09-07 15:00:00+00:00,76.96923,77.87
2018-09-07 16:00:00+00:00,78.541466,77.36
2018-09-07 17:00:00+00:00,79.37015,78.05
2018-09-07 18:00:00+00:00,79.24257,79.22
2018-09-07 19:00:00+00:00,79.92882,78.82
2018-09-07 20:00:00+00:00,75.95483,76.36
2018-09-07 21:00:00+00:00,71.40357,74.48
2018-09-07 22:00:00+00:00,71.47049,73.1
2018-09-07 23:00:00+00:00,67.14778,71.84
2018-09-08 00:00:00+00:00,66.606476,69.22
2018-09-08 01:00:00+00:00,65.31855,66.84
2018-09-08 02:00:00+00:00,63.137733,65.37
2018-09-08 03:00:00+00:00,63.780655,65.87
2018-09-08 04:00:00+00:00,66.8538,68.46
2018-09-08 05:00:00+00:00,69.3171,69.45
2018-09-08 06:00:00+00:00,70.483894,70.65
2018-09-08 07:00:00+00:00,71.65891,74.12
2018-09-08 08:00:00+00:00,74.193634,74.59
2018-09-08 09:00:00+00:00,74.41255,76.58
2018-09-08 10:00:00+00:00,75.575066,76.5
2018-09-08 11:00:00+00:00,75.789154,76.72
2018-09-08 12:00:00+00:00,74.38853,76.63
2018-09-08 13:00:00+00:00,73.73929,75.12
2018-09-08 14:00:00+00:00,72.66706,74.76
2018-09-08 15:00:00+00:00,73.94804,74.65
2018-09-08 16:00:00+00:00,73.69387,75.38
2018-09-08 17:00:00+00:00,76.635666,77.9
2018-09-08 18:00:00+00:00,78.11923,82.5
2018-09-08 19:00:00+00:00,81.90372,85.1
2018-09-08 20:00:00+00:00,79.514496,84.38
2018-09-08 21:00:00+00:00,76.68801,81.15
2018-09-08 22:00:00+00:00,76.13874,78.88
2018-09-08 23:00:00+00:00,73.03343,76.96
2018-09-09 00:00:00+00:00,72.04266,76.28
2018-09-09 01:00:00+00:00,71.99095,75.7
2018-09-09 02:00:00+00:00,70.58479,75.48
2018-09-09 03:00:00+00:00,70.84962,75.85
2018-09-09 04:00:00+00:00,72.00605,75.8
2018-09-09 05:00:00+00:00,72.51573,75.5
2018-09-09 06:00:00+00:00,73.251495,75.95
2018-09-09 07:00:00+00:00,73.29642,76.5
2018-09-09 08:00:00+00:00,73.89706,76.73
2018-09-09 09:00:00+00:00,74.71505,77.16
2018-09-09 10:00:00+00:00,74.76951,77.0
2018-09-09 11:00:00+00:00,75.54256,77.84
2018-09-09 12:00:00+00:00,75.09847,77.93
2018-09-09 13:00:00+00:00,74.77261,75.65
2018-09-09 14:00:00+00:00,71.61711,73.85
2018-09-09 15:00:00+00:00,71.88612,74.23
2018-09-09 16:00:00+00:00,73.682556,74.47
2018-09-09 17:00:00+00:00,76.906296,78.23
2018-09-09 18:00:00+00:00,81.15145,83.49
2018-09-09 19:00:00+00:00,85.99722,83.73
2018-09-09 20:00:00+00:00,82.41929,78.92
2018-09-09 21:00:00+00:00,75.12389,77.75
2018-09-09 22:00:00+00:00,75.1815,74.18
2018-09-09 23:00:00+00:00,68.63108,71.9
2018-09-10 00:00:00+00:00,67.44383,69.19
2018-09-10 01:00:00+00:00,67.00131,67.3
2018-09-10 02:00:00+00:00,66.20473,67.52
2018-09-10 03:00:00+00:00,69.55415,67.71
2018-09-10 04:00:00+00:00,73.2716,75.21
2018-09-10 05:00:00+00:00,82.22334,80.67
2018-09-10 06:00:00+00:00,84.97739,82.96
2018-09-10 07:00:00+00:00,84.578354,83.82
2018-09-10 08:00:00+00:00,85.15363,83.08
2018-09-10 09:00:00+00:00,84.54363,83.71
2018-09-10 10:00:00+00:00,84.59047,83.69
2018-09-10 11:00:00+00:00,85.37624,84.04
2018-09-10 12:00:00+00:00,84.20123,83.62
2018-09-10 13:00:00+00:00,83.21259,80.71
2018-09-10 14:00:00+00:00,80.03734,80.27
2018-09-10 15:00:00+00:00,81.616264,80.76
2018-09-10 16:00:00+00:00,81.42554,83.24
2018-09-10 17:00:00+00:00,85.00824,85.67
2018-09-10 18:00:00+00:00,84.7619,88.36
2018-09-10 19:00:00+00:00,86.18802,84.49
2018-09-10 20:00:00+00:00,79.44714,79.52
2018-09-10 21:00:00+00:00,74.78244,77.13
2018-09-10 22:00:00+00:00,76.16494,72.93
2018-09-10 23:00:00+00:00,68.76759,70.61
2018-09-11 00:00:00+00:00,68.17938,67.96
2018-09-11 01:00:00+00:00,66.96722,66.83
2018-09-11 02:00:00+00:00,66.09198,64.5
2018-09-11 03:00:00+00:00,66.19465,66.89
2018-09-11 04:00:00+00:00,72.29738,72.3
2018-09-11 05:00:00+00:00,78.246376,76.68
2018-09-11 06:00:00+00:00,80.496414,79.94
2018-09-11 07:00:00+00:00,79.77042,80.34
2018-09-11 08:00:00+00:00,80.60942,80.2
2018-09-11 09:00:00+00:00,80.15423,80.15
2018-09-11 10:00:00+00:00,78.40559,80.66
2018-09-11 11:00:00+00:00,80.483345,80.67
2018-09-11 12:00:00+00:00,78.23835,80.78
2018-09-11 13:00:00+00:00,78.81143,79.29
2018-09-11 14:00:00+00:00,76.493515,79.49
2018-09-11 15:00:00+00:00,79.64926,79.36
2018-09-11 16:00:00+00:00,77.714584,80.37
2018-09-11 17:00:00+00:00,81.613365,81.6
2018-09-11 18:00:00+00:00,80.78015,85.84
2018-09-11 19:00:00+00:00,85.42821,83.29
2018-09-11 20:00:00+00:00,78.94392,80.46
2018-09-11 21:00:00+00:00,75.60589,78.56
2018-09-11 22:00:00+00:00,76.806915,74.67
2018-09-11 23:00:00+00:00,68.983154,73.4
2018-09-12 00:00:00+00:00,68.72733,72.61
2018-09-12 01:00:00+00:00,69.03464,71.17
2018-09-12 02:00:00+00:00,69.00834,71.34
2018-09-12 03:00:00+00:00,70.60476,72.79
2018-09-12 04:00:00+00:00,75.5239,77.03
2018-09-12 05:00:00+00:00,81.729675,80.0
2018-09-12 06:00:00+00:00,81.96107,82.02
2018-09-12 07:00:00+00:00,82.358696,83.48
2018-09-12 08:00:00+00:00,83.86498,82.95
2018-09-12 09:00:00+00:00,82.61285,83.8
2018-09-12 10:00:00+00:00,83.24154,84.43
2018-09-12 11:00:00+00:00,84.77525,85.0
2018-09-12 12:00:00+00:00,84.255005,84.03
2018-09-12 13:00:00+00:00,83.23636,82.81
2018-09-12 14:00:00+00:00,81.68717,82.58
2018-09-12 15:00:00+00:00,82.749596,82.52
2018-09-12 16:00:00+00:00,82.1115,83.07
2018-09-12 17:00:00+00:00,83.58131,86.04
2018-09-12 18:00:00+00:00,86.203995,86.87
2018-09-12 19:00:00+00:00,86.24694,86.21
2018-09-12 20:00:00+00:00,84.00235,82.08
2018-09-12 21:00:00+00:00,79.24083,80.07
2018-09-12 22:00:00+00:00,78.540764,76.27
2018-09-12 23:00:00+00:00,72.71869,74.07
2018-09-13 00:00:00+00:00,71.58554,72.8
2018-09-13 01:00:00+00:00,72.33468,70.79
2018-09-13 02:00:00+00:00,69.80586,70.91
2018-09-13 03:00:00+00:00,72.89533,71.17
2018-09-13 04:00:00+00:00,75.71794,75.1
2018-09-13 05:00:00+00:00,80.25258,82.8
2018-09-13 06:00:00+00:00,87.06464,86.28
2018-09-13 07:00:00+00:00,85.658134,86.96
2018-09-13 08:00:00+00:00,85.786995,86.26
2018-09-13 09:00:00+00:00,87.8081,86.16
2018-09-13 10:00:00+00:00,84.76002,84.79
2018-09-13 11:00:00+00:00,85.044785,83.42
2018-09-13 12:00:00+00:00,83.13914,82.67
2018-09-13 13:00:00+00:00,82.312515,80.92
2018-09-13 14:00:00+00:00,80.089554,80.7
2018-09-13 15:00:00+00:00,81.9347,81.36
2018-09-13 16:00:00+00:00,81.84209,83.1
2018-09-13 17:00:00+00:00,85.07158,84.37
2018-09-13 18:00:00+00:00,84.56212,85.23
2018-09-13 19:00:00+00:00,84.76776,82.17
2018-09-13 20:00:00+00:00,80.481415,78.58
2018-09-13 21:00:00+00:00,75.625694,76.03
2018-09-13 22:00:00+00:00,75.188576,73.55
2018-09-13 23:00:00+00:00,70.42985,71.36
2018-09-14 00:00:00+00:00,68.67224,67.02
2018-09-14 01:00:00+00:00,66.24351,66.15
2018-09-14 02:00:00+00:00,65.86052,66.64
2018-09-14 03:00:00+00:00,67.90157,69.04
2018-09-14 04:00:00+00:00,73.30216,75.04
2018-09-14 05:00:00+00:00,79.29747,80.02
2018-09-14 06:00:00+00:00,83.5627,85.39
2018-09-14 07:00:00+00:00,85.2018,85.27
2018-09-14 08:00:00+00:00,85.352264,84.53
2018-09-14 09:00:00+00:00,84.86389,84.7
2018-09-14 10:00:00+00:00,83.49621,84.66
2018-09-14 11:00:00+00:00,84.75078,85.64
2018-09-14 12:00:00+00:00,83.625,84.14
2018-09-14 13:00:00+00:00,83.25528,82.28
2018-09-14 14:00:00+00:00,81.01115,81.8
2018-09-14 15:00:00+00:00,82.54065,81.57
2018-09-14 16:00:00+00:00,81.073906,81.26
2018-09-14 17:00:00+00:00,83.63995,81.47
2018-09-14 18:00:00+00:00,81.60678,81.54
2018-09-14 19:00:00+00:00,81.408,82.11
2018-09-14 20:00:00+00:00,79.79209,78.74
2018-09-14 21:00:00+00:00,74.913155,76.32
2018-09-14 22:00:00+00:00,76.47679,74.6
2018-09-14 23:00:00+00:00,71.38165,73.79
2018-09-15 00:00:00+00:00,70.0418,72.02
2018-09-15 01:00:00+00:00,69.657974,71.29
2018-09-15 02:00:00+00:00,68.72017,71.29
2018-09-15 03:00:00+00:00,70.175865,71.04
2018-09-15 04:00:00+00:00,71.728546,72.01
2018-09-15 05:00:00+00:00,73.35564,73.15
2018-09-15 06:00:00+00:00,74.907814,72.14
2018-09-15 07:00:00+00:00,73.997986,75.17
2018-09-15 08:00:00+00:00,76.46065,76.12
2018-09-15 09:00:00+00:00,76.62787,77.1
2018-09-15 10:00:00+00:00,76.843864,77.12
2018-09-15 11:00:00+00:00,77.43058,78.29
2018-09-15 12:00:00+00:00,77.6476,77.01
2018-09-15 13:00:00+00:00,75.1766,74.68
2018-09-15 14:00:00+00:00,73.09002,73.34
2018-09-15 15:00:00+00:00,74.0577,72.51
2018-09-15 16:00:00+00:00,74.02026,73.95
2018-09-15 17:00:00+00:00,77.16504,79.01
2018-09-15 18:00:00+00:00,81.513756,82.76
2018-09-15 19:00:00+00:00,83.588066,84.01
2018-09-15 20:00:00+00:00,82.288826,79.58
2018-09-15 21:00:00+00:00,75.968605,79.52
2018-09-15 22:00:00+00:00,77.75158,77.86
2018-09-15 23:00:00+00:00,72.66428,75.97
2018-09-16 00:00:00+00:00,71.19967,75.56
2018-09-16 01:00:00+00:00,72.487366,75.74
2018-09-16 02:00:00+00:00,71.426,74.65
2018-09-16 03:00:00+00:00,70.993034,74.67
2018-09-16 04:00:00+00:00,71.84879,75.1
2018-09-16 05:00:00+00:00,71.97709,75.12
2018-09-16 06:00:00+00:00,72.64563,75.45
2018-09-16 07:00:00+00:00,73.2953,76.21
2018-09-16 08:00:00+00:00,74.30178,75.74
2018-09-16 09:00:00+00:00,75.582504,75.48
2018-09-16 10:00:00+00:00,73.13873,75.1
2018-09-16 11:00:00+00:00,74.04135,76.34
2018-09-16 12:00:00+00:00,74.733505,76.52
2018-09-16 13:00:00+00:00,73.0093,74.68
2018-09-16 14:00:00+00:00,70.85955,72.93
2018-09-16 15:00:00+00:00,70.76514,73.38
2018-09-16 16:00:00+00:00,72.81621,68.8
2018-09-16 17:00:00+00:00,71.62399,75.98
2018-09-16 18:00:00+00:00,81.19554,81.77
2018-09-16 19:00:00+00:00,82.891716,84.8
2018-09-16 20:00:00+00:00,82.38742,82.42
2018-09-16 21:00:00+00:00,77.71498,79.51
2018-09-16 22:00:00+00:00,76.02569,71.81
2018-09-16 23:00:00+00:00,68.021164,70.13
2018-09-17 00:00:00+00:00,66.161224,69.39
2018-09-17 01:00:00+00:00,68.63068,67.37
2018-09-17 02:00:00+00:00,65.193,66.82
2018-09-17 03:00:00+00:00,67.11495,66.7
2018-09-17 04:00:00+00:00,70.93616,73.51
2018-09-17 05:00:00+00:00,80.06687,79.16
2018-09-17 06:00:00+00:00,82.50295,81.31
2018-09-17 07:00:00+00:00,81.86456,81.57
2018-09-17 08:00:00+00:00,80.90901,80.54
2018-09-17 09:00:00+00:00,80.61679,78.24
2018-09-17 10:00:00+00:00,78.24173,78.33
2018-09-17 11:00:00+00:00,80.04211,78.64
2018-09-17 12:00:00+00:00,78.78131,77.68
2018-09-17 13:00:00+00:00,77.556435,77.22
2018-09-17 14:00:00+00:00,78.224556,77.2
2018-09-17 15:00:00+00:00,78.9253,80.85
2018-09-17 16:00:00+00:00,81.5063,83.07
2018-09-17 17:00:00+00:00,84.03372,86.04
2018-09-17 18:00:00+00:00,86.12217,87.14
2018-09-17 19:00:00+00:00,86.11178,85.95
2018-09-17 20:00:00+00:00,81.87918,80.92
2018-09-17 21:00:00+00:00,76.18513,80.11
2018-09-17 22:00:00+00:00,78.05292,75.06
2018-09-17 23:00:00+00:00,70.06841,73.98
2018-09-18 00:00:00+00:00,70.587456,72.66
2018-09-18 01:00:00+00:00,70.55411,72.05
2018-09-18 02:00:00+00:00,70.32322,72.11
2018-09-18 03:00:00+00:00,72.02187,72.95
2018-09-18 04:00:00+00:00,75.5009,76.71
2018-09-18 05:00:00+00:00,81.31376,77.91
2018-09-18 06:00:00+00:00,81.79153,80.95
2018-09-18 07:00:00+00:00,82.79515,81.49
2018-09-18 08:00:00+00:00,81.92083,81.63
2018-09-18 09:00:00+00:00,82.2154,82.89
2018-09-18 10:00:00+00:00,82.49701,83.62
2018-09-18 11:00:00+00:00,83.59519,83.78
2018-09-18 12:00:00+00:00,81.97483,82.73
2018-09-18 13:00:00+00:00,81.44472,81.15
2018-09-18 14:00:00+00:00,80.5807,81.28
2018-09-18 15:00:00+00:00,81.94741,81.47
2018-09-18 16:00:00+00:00,81.91412,80.53
2018-09-18 17:00:00+00:00,83.05632,83.5
2018-09-18 18:00:00+00:00,84.745186,87.36
2018-09-18 19:00:00+00:00,86.756836,87.36
2018-09-18 20:00:00+00:00,83.54796,83.71
2018-09-18 21:00:00+00:00,79.201706,80.92
2018-09-18 22:00:00+00:00,79.73071,78.99
2018-09-18 23:00:00+00:00,75.62933,77.93
2018-09-19 00:00:00+00:00,75.33526,76.57
2018-09-19 01:00:00+00:00,74.82511,75.43
2018-09-19 02:00:00+00:00,74.70025,74.94
2018-09-19 03:00:00+00:00,75.900085,75.11
2018-09-19 04:00:00+00:00,76.73746,77.98
2018-09-19 05:00:00+00:00,81.14679,79.78
2018-09-19 06:00:00+00:00,82.615204,85.29
2018-09-19 07:00:00+00:00,85.28327,85.98
2018-09-19 08:00:00+00:00,85.166794,84.01
2018-09-19 09:00:00+00:00,84.147224,82.25
2018-09-19 10:00:00+00:00,82.76842,82.84
2018-09-19 11:00:00+00:00,83.87465,83.27
2018-09-19 12:00:00+00:00,83.024185,82.19
2018-09-19 13:00:00+00:00,81.61146,80.92
2018-09-19 14:00:00+00:00,80.35181,80.92
2018-09-19 15:00:00+00:00,81.487305,81.19
2018-09-19 16:00:00+00:00,81.05358,80.23
2018-09-19 17:00:00+00:00,82.383675,81.59
2018-09-19 18:00:00+00:00,82.64096,85.54
2018-09-19 19:00:00+00:00,85.13538,85.32
2018-09-19 20:00:00+00:00,82.2528,81.04
2018-09-19 21:00:00+00:00,77.35078,81.13
2018-09-19 22:00:00+00:00,80.65625,77.5
2018-09-19 23:00:00+00:00,74.34747,76.66
2018-09-20 00:00:00+00:00,74.9018,75.16
2018-09-20 01:00:00+00:00,74.769684,74.31
2018-09-20 02:00:00+00:00,73.09514,73.83
2018-09-20 03:00:00+00:00,74.72368,74.82
2018-09-20 04:00:00+00:00,76.68034,77.53
2018-09-20 05:00:00+00:00,80.323746,79.09
2018-09-20 06:00:00+00:00,82.430885,81.41
2018-09-20 07:00:00+00:00,81.91442,81.89
2018-09-20 08:00:00+00:00,82.466194,81.02
2018-09-20 09:00:00+00:00,81.786125,80.99
2018-09-20 10:00:00+00:00,81.83704,81.46
2018-09-20 11:00:00+00:00,81.44198,81.66
2018-09-20 12:00:00+00:00,81.02235,79.71
2018-09-20 13:00:00+00:00,78.04296,78.65
2018-09-20 14:00:00+00:00,77.60803,78.34
2018-09-20 15:00:00+00:00,77.9455,79.11
2018-09-20 16:00:00+00:00,78.452774,81.92
2018-09-20 17:00:00+00:00,82.387344,86.49
2018-09-20 18:00:00+00:00,85.31055,86.11
2018-09-20 19:00:00+00:00,84.5354,83.71
2018-09-20 20:00:00+00:00,81.225204,78.09
2018-09-20 21:00:00+00:00,74.88113,79.18
2018-09-20 22:00:00+00:00,78.925545,75.3
2018-09-20 23:00:00+00:00,71.93593,73.77
2018-09-21 00:00:00+00:00,70.98257,72.56
2018-09-21 01:00:00+00:00,72.38031,72.14
2018-09-21 02:00:00+00:00,70.30762,71.5
2018-09-21 03:00:00+00:00,72.49455,71.88
2018-09-21 04:00:00+00:00,73.739296,75.2
2018-09-21 05:00:00+00:00,77.532265,75.15
2018-09-21 06:00:00+00:00,78.378235,78.78
2018-09-21 07:00:00+00:00,79.98913,81.97
2018-09-21 08:00:00+00:00,81.62803,82.11
2018-09-21 09:00:00+00:00,82.18058,82.93
2018-09-21 10:00:00+00:00,81.83741,83.55
2018-09-21 11:00:00+00:00,83.04781,83.89
2018-09-21 12:00:00+00:00,82.152275,81.52
2018-09-21 13:00:00+00:00,78.1428,80.02
2018-09-21 14:00:00+00:00,78.07188,79.8
2018-09-21 15:00:00+00:00,80.67868,79.39
2018-09-21 16:00:00+00:00,78.85734,77.75
2018-09-21 17:00:00+00:00,81.069954,80.51
2018-09-21 18:00:00+00:00,82.20903,84.09
2018-09-21 19:00:00+00:00,83.68831,84.1
2018-09-21 20:00:00+00:00,80.588615,78.29
2018-09-21 21:00:00+00:00,74.742294,79.27
2018-09-21 22:00:00+00:00,78.094376,77.61
2018-09-21 23:00:00+00:00,73.27091,76.6
2018-09-22 00:00:00+00:00,71.76489,75.51
2018-09-22 01:00:00+00:00,73.664764,75.15
2018-09-22 02:00:00+00:00,72.262985,74.63
2018-09-22 03:00:00+00:00,72.48174,74.59
2018-09-22 04:00:00+00:00,73.27062,75.37
2018-09-22 05:00:00+00:00,74.65118,75.42
2018-09-22 06:00:00+00:00,75.68955,76.24
2018-09-22 07:00:00+00:00,76.14104,79.39
2018-09-22 08:00:00+00:00,79.29809,78.97
2018-09-22 09:00:00+00:00,79.0899,78.58
2018-09-22 10:00:00+00:00,77.547806,77.38
2018-09-22 11:00:00+00:00,77.42419,77.22
2018-09-22 12:00:00+00:00,75.64806,75.37
2018-09-22 13:00:00+00:00,73.06574,72.44
2018-09-22 14:00:00+00:00,70.53752,72.04
2018-09-22 15:00:00+00:00,72.353615,71.99
2018-09-22 16:00:00+00:00,72.1455,79.19
2018-09-22 17:00:00+00:00,82.12217,83.34
2018-09-22 18:00:00+00:00,83.69212,85.16
2018-09-22 19:00:00+00:00,84.10148,84.73
2018-09-22 20:00:00+00:00,81.32008,81.67
2018-09-22 21:00:00+00:00,77.13983,76.39
2018-09-22 22:00:00+00:00,74.433044,75.95
2018-09-22 23:00:00+00:00,71.22575,74.18
2018-09-23 00:00:00+00:00,70.87605,74.19
2018-09-23 01:00:00+00:00,72.820694,75.29
2018-09-23 02:00:00+00:00,72.88535,74.81
2018-09-23 03:00:00+00:00,71.512825,74.76
2018-09-23 04:00:00+00:00,72.57472,75.19
2018-09-23 05:00:00+00:00,73.26745,75.39
2018-09-23 06:00:00+00:00,73.299866,76.29
2018-09-23 07:00:00+00:00,74.43437,77.36
2018-09-23 08:00:00+00:00,75.933304,76.77
2018-09-23 09:00:00+00:00,75.6449,76.75
2018-09-23 10:00:00+00:00,74.95625,76.74
2018-09-23 11:00:00+00:00,76.154366,77.23
2018-09-23 12:00:00+00:00,74.779625,77.65
2018-09-23 13:00:00+00:00,73.8879,75.79
2018-09-23 14:00:00+00:00,70.99001,73.55
2018-09-23 15:00:00+00:00,71.43419,70.89
2018-09-23 16:00:00+00:00,70.850784,65.22
2018-09-23 17:00:00+00:00,68.691444,67.43
2018-09-23 18:00:00+00:00,73.62308,78.9
2018-09-23 19:00:00+00:00,83.78926,83.53
2018-09-23 20:00:00+00:00,80.10233,81.1
2018-09-23 21:00:00+00:00,76.55173,72.67
2018-09-23 22:00:00+00:00,69.046974,62.31999999999999
2018-09-23 23:00:00+00:00,59.33893,60.57
2018-09-24 00:00:00+00:00,58.63533,53.61
2018-09-24 01:00:00+00:00,51.30095,54.27000000000001
2018-09-24 02:00:00+00:00,52.83766,54.04
2018-09-24 03:00:00+00:00,58.497013,56.07
2018-09-24 04:00:00+00:00,62.908684,65.86
2018-09-24 05:00:00+00:00,74.79668,76.78
2018-09-24 06:00:00+00:00,81.26651,79.12
2018-09-24 07:00:00+00:00,79.38504,79.3
2018-09-24 08:00:00+00:00,79.98114,79.71
2018-09-24 09:00:00+00:00,80.39174,79.45
2018-09-24 10:00:00+00:00,79.228035,78.42
2018-09-24 11:00:00+00:00,79.54607,78.64
2018-09-24 12:00:00+00:00,78.65824,76.84
2018-09-24 13:00:00+00:00,77.103294,75.27
2018-09-24 14:00:00+00:00,76.32271,74.86
2018-09-24 15:00:00+00:00,75.7906,76.21
2018-09-24 16:00:00+00:00,75.64283,79.57
2018-09-24 17:00:00+00:00,81.97072,80.47
2018-09-24 18:00:00+00:00,80.49557,82.64
2018-09-24 19:00:00+00:00,84.15441,80.03
2018-09-24 20:00:00+00:00,78.250656,76.57
2018-09-24 21:00:00+00:00,71.26491,75.31
2018-09-24 22:00:00+00:00,72.840004,60.32
2018-09-24 23:00:00+00:00,56.19763,57.39000000000001
2018-09-25 00:00:00+00:00,55.654076,55.72
2018-09-25 01:00:00+00:00,54.681034,55.910000000000004
2018-09-25 02:00:00+00:00,54.874302,56.540000000000006
2018-09-25 03:00:00+00:00,58.038677,58.91
2018-09-25 04:00:00+00:00,65.62359,69.79
2018-09-25 05:00:00+00:00,77.288055,80.18
2018-09-25 06:00:00+00:00,83.026,82.39
2018-09-25 07:00:00+00:00,80.1581,82.75
2018-09-25 08:00:00+00:00,79.89052,82.21
2018-09-25 09:00:00+00:00,81.63968,78.44
2018-09-25 10:00:00+00:00,77.19294,79.33
2018-09-25 11:00:00+00:00,80.24007,80.44
2018-09-25 12:00:00+00:00,80.08064,80.8
2018-09-25 13:00:00+00:00,79.950966,79.47
2018-09-25 14:00:00+00:00,78.5246,78.54
2018-09-25 15:00:00+00:00,79.7142,78.63
2018-09-25 16:00:00+00:00,79.41787,82.45
2018-09-25 17:00:00+00:00,83.90573,83.65
2018-09-25 18:00:00+00:00,81.401955,87.24
2018-09-25 19:00:00+00:00,86.06692,81.72
2018-09-25 20:00:00+00:00,77.54194,76.72
2018-09-25 21:00:00+00:00,72.26795,76.05
2018-09-25 22:00:00+00:00,72.52475,68.05
2018-09-25 23:00:00+00:00,61.840084,67.02
2018-09-26 00:00:00+00:00,62.5898,63.769999999999996
2018-09-26 01:00:00+00:00,59.800682,63.42
2018-09-26 02:00:00+00:00,60.85697,63.22
2018-09-26 03:00:00+00:00,63.39208,63.66
2018-09-26 04:00:00+00:00,67.64715,73.75
2018-09-26 05:00:00+00:00,79.593185,78.96
2018-09-26 06:00:00+00:00,81.07455,80.75
2018-09-26 07:00:00+00:00,80.218025,80.24
2018-09-26 08:00:00+00:00,78.60233,80.08
2018-09-26 09:00:00+00:00,79.23192,79.06
2018-09-26 10:00:00+00:00,77.19128,79.64
2018-09-26 11:00:00+00:00,79.58888,80.25
2018-09-26 12:00:00+00:00,78.21901,80.3
2018-09-26 13:00:00+00:00,77.56643,79.38
2018-09-26 14:00:00+00:00,77.09466,79.21
2018-09-26 15:00:00+00:00,78.97585,79.32
2018-09-26 16:00:00+00:00,78.13403,80.87
2018-09-26 17:00:00+00:00,82.43189,82.96
2018-09-26 18:00:00+00:00,81.42541,85.41
2018-09-26 19:00:00+00:00,83.66002,82.83
2018-09-26 20:00:00+00:00,77.88548,79.91
2018-09-26 21:00:00+00:00,74.23698,79.42
2018-09-26 22:00:00+00:00,75.39914,73.07
2018-09-26 23:00:00+00:00,65.924515,70.37
2018-09-27 00:00:00+00:00,65.66372,67.41
2018-09-27 01:00:00+00:00,64.26531,67.24
2018-09-27 02:00:00+00:00,65.21841,66.73
2018-09-27 03:00:00+00:00,66.76737,67.13
2018-09-27 04:00:00+00:00,69.80821,75.62
2018-09-27 05:00:00+00:00,79.93404,78.5
2018-09-27 06:00:00+00:00,80.36315,83.41
2018-09-27 07:00:00+00:00,82.408585,81.31
2018-09-27 08:00:00+00:00,79.389175,81.14
2018-09-27 09:00:00+00:00,80.841896,81.14
2018-09-27 10:00:00+00:00,79.79343,81.61
2018-09-27 11:00:00+00:00,81.61291,82.24
2018-09-27 12:00:00+00:00,80.93918,81.64
2018-09-27 13:00:00+00:00,80.201256,80.52
2018-09-27 14:00:00+00:00,79.05523,80.56
2018-09-27 15:00:00+00:00,80.98665,80.79
2018-09-27 16:00:00+00:00,80.80464,80.25
2018-09-27 17:00:00+00:00,82.28206,85.77
2018-09-27 18:00:00+00:00,85.89407,87.39
2018-09-27 19:00:00+00:00,84.74985,86.29
2018-09-27 20:00:00+00:00,82.39357,80.7
2018-09-27 21:00:00+00:00,76.527054,80.25
2018-09-27 22:00:00+00:00,79.11438,78.94
2018-09-27 23:00:00+00:00,74.18553,77.71
2018-09-28 00:00:00+00:00,73.94407,76.67
2018-09-28 01:00:00+00:00,74.73856,76.84
2018-09-28 02:00:00+00:00,73.781525,76.72
2018-09-28 03:00:00+00:00,76.11743,76.8
2018-09-28 04:00:00+00:00,78.15136,78.86
2018-09-28 05:00:00+00:00,81.22409,81.93
2018-09-28 06:00:00+00:00,84.462296,85.86
2018-09-28 07:00:00+00:00,84.78379,85.88
2018-09-28 08:00:00+00:00,84.232994,85.43
2018-09-28 09:00:00+00:00,85.56929,83.66
2018-09-28 10:00:00+00:00,81.87422,84.46
2018-09-28 11:00:00+00:00,84.52019,84.84
2018-09-28 12:00:00+00:00,82.63371,82.89
2018-09-28 13:00:00+00:00,80.53164,82.35
2018-09-28 14:00:00+00:00,79.93222,81.21
2018-09-28 15:00:00+00:00,80.50762,80.78
2018-09-28 16:00:00+00:00,80.24845,80.46
2018-09-28 17:00:00+00:00,82.41453,80.17
2018-09-28 18:00:00+00:00,81.25919,82.99
2018-09-28 19:00:00+00:00,83.42048,83.11
2018-09-28 20:00:00+00:00,80.076004,80.34
2018-09-28 21:00:00+00:00,76.05447,77.6
2018-09-28 22:00:00+00:00,75.80962,74.46
2018-09-28 23:00:00+00:00,71.17387,68.72
2018-09-29 00:00:00+00:00,66.24034,66.86
2018-09-29 01:00:00+00:00,66.686745,66.78
2018-09-29 02:00:00+00:00,65.26352,65.07
2018-09-29 03:00:00+00:00,64.3945,64.67
2018-09-29 04:00:00+00:00,66.53589,67.44
2018-09-29 05:00:00+00:00,70.71146,71.4
2018-09-29 06:00:00+00:00,73.72318,69.26
2018-09-29 07:00:00+00:00,70.38792,77.82
2018-09-29 08:00:00+00:00,77.467606,78.17
2018-09-29 09:00:00+00:00,77.87003,78.39
2018-09-29 10:00:00+00:00,77.34815,78.79
2018-09-29 11:00:00+00:00,77.50682,79.64
2018-09-29 12:00:00+00:00,77.87548,78.65
2018-09-29 13:00:00+00:00,76.02045,76.29
2018-09-29 14:00:00+00:00,73.735825,73.98
2018-09-29 15:00:00+00:00,73.53074,73.01
2018-09-29 16:00:00+00:00,73.63797,74.63
2018-09-29 17:00:00+00:00,77.85357,81.81
2018-09-29 18:00:00+00:00,83.5092,83.8
2018-09-29 19:00:00+00:00,83.82894,82.77
2018-09-29 20:00:00+00:00,80.31875,81.28
2018-09-29 21:00:00+00:00,77.37555,78.95
2018-09-29 22:00:00+00:00,76.19059,77.29
2018-09-29 23:00:00+00:00,71.93243,77.23
2018-09-30 00:00:00+00:00,70.92239,73.64
2018-09-30 01:00:00+00:00,70.452446,71.2
2018-09-30 02:00:00+00:00,67.03463,69.52
2018-09-30 03:00:00+00:00,66.22285,68.94
2018-09-30 04:00:00+00:00,67.026955,70.65
2018-09-30 05:00:00+00:00,70.13597,73.75
2018-09-30 06:00:00+00:00,73.17088,74.18
2018-09-30 07:00:00+00:00,72.0503,78.4
2018-09-30 08:00:00+00:00,77.37561,77.72
2018-09-30 09:00:00+00:00,76.75635,76.1
2018-09-30 10:00:00+00:00,73.07,77.67
2018-09-30 11:00:00+00:00,76.31384,78.92
2018-09-30 12:00:00+00:00,77.0329,78.15
2018-09-30 13:00:00+00:00,74.34207,71.95
2018-09-30 14:00:00+00:00,68.26806,67.12
2018-09-30 15:00:00+00:00,66.21736,66.59
2018-09-30 16:00:00+00:00,69.37002,69.79
2018-09-30 17:00:00+00:00,76.12537,78.88
2018-09-30 18:00:00+00:00,83.64382,80.19
2018-09-30 19:00:00+00:00,81.33682,80.15
2018-09-30 20:00:00+00:00,79.64989,75.59
2018-09-30 21:00:00+00:00,72.43152,66.9
2018-09-30 22:00:00+00:00,65.547455,64.64
2018-09-30 23:00:00+00:00,61.671547,61.11000000000001
2018-10-01 00:00:00+00:00,58.34895,56.85
2018-10-01 01:00:00+00:00,57.13849,53.87
2018-10-01 02:00:00+00:00,54.29378,54.86
2018-10-01 03:00:00+00:00,58.51548,56.970000000000006
2018-10-01 04:00:00+00:00,65.1837,73.95
2018-10-01 05:00:00+00:00,80.784676,80.36
2018-10-01 06:00:00+00:00,82.95639,82.43
2018-10-01 07:00:00+00:00,83.28431,82.44
2018-10-01 08:00:00+00:00,80.338875,80.19
2018-10-01 09:00:00+00:00,80.76787,78.81
2018-10-01 10:00:00+00:00,78.87874,76.64
2018-10-01 11:00:00+00:00,77.23904,73.31
2018-10-01 12:00:00+00:00,74.58338,68.42
2018-10-01 13:00:00+00:00,68.327866,66.5
2018-10-01 14:00:00+00:00,67.22954,64.82
2018-10-01 15:00:00+00:00,66.51486,67.25
2018-10-01 16:00:00+00:00,70.05039,76.22
2018-10-01 17:00:00+00:00,79.01439,82.83
2018-10-01 18:00:00+00:00,81.14885,83.36
2018-10-01 19:00:00+00:00,80.43183,77.49
2018-10-01 20:00:00+00:00,72.5124,72.95
2018-10-01 21:00:00+00:00,67.45367,67.31
2018-10-01 22:00:00+00:00,64.33198,63.8
2018-10-01 23:00:00+00:00,60.818047,61.39000000000001
2018-10-02 00:00:00+00:00,58.55604,56.480000000000004
2018-10-02 01:00:00+00:00,55.258327,54.459999999999994
2018-10-02 02:00:00+00:00,53.51483,54.529999999999994
2018-10-02 03:00:00+00:00,57.82602,56.29
2018-10-02 04:00:00+00:00,65.24368,64.15
2018-10-02 05:00:00+00:00,72.75309,77.67
2018-10-02 06:00:00+00:00,84.38143,80.04
2018-10-02 07:00:00+00:00,79.45813,80.58
2018-10-02 08:00:00+00:00,80.91294,79.56
2018-10-02 09:00:00+00:00,78.51845,76.87
2018-10-02 10:00:00+00:00,75.45917,77.95
2018-10-02 11:00:00+00:00,76.554306,76.7
2018-10-02 12:00:00+00:00,73.75872,72.92
2018-10-02 13:00:00+00:00,70.12069,71.32
2018-10-02 14:00:00+00:00,69.93418,70.94
2018-10-02 15:00:00+00:00,72.31274,72.79
2018-10-02 16:00:00+00:00,75.87963,79.81
2018-10-02 17:00:00+00:00,83.93846,86.13
2018-10-02 18:00:00+00:00,84.12926,87.21
2018-10-02 19:00:00+00:00,83.5839,81.22
2018-10-02 20:00:00+00:00,75.76658,76.75
2018-10-02 21:00:00+00:00,72.34322,71.73
2018-10-02 22:00:00+00:00,69.932755,65.6
2018-10-02 23:00:00+00:00,62.344994,63.22
2018-10-03 00:00:00+00:00,60.510033,61.49
2018-10-03 01:00:00+00:00,59.983517,60.86000000000001
2018-10-03 02:00:00+00:00,59.570057,60.71
2018-10-03 03:00:00+00:00,60.34196,60.77
2018-10-03 04:00:00+00:00,64.03748,65.35
2018-10-03 05:00:00+00:00,71.97875,79.94
2018-10-03 06:00:00+00:00,84.45189,83.33
2018-10-03 07:00:00+00:00,82.3439,84.23
2018-10-03 08:00:00+00:00,79.1573,82.82
2018-10-03 09:00:00+00:00,80.60596,82.57
2018-10-03 10:00:00+00:00,79.59457,81.34
2018-10-03 11:00:00+00:00,78.86197,81.66
2018-10-03 12:00:00+00:00,78.916595,80.74
2018-10-03 13:00:00+00:00,77.32404,79.76
2018-10-03 14:00:00+00:00,76.92918,78.7
2018-10-03 15:00:00+00:00,78.18791,79.54
2018-10-03 16:00:00+00:00,80.75131,81.94
2018-10-03 17:00:00+00:00,85.374054,88.39
2018-10-03 18:00:00+00:00,88.62685,89.53
2018-10-03 19:00:00+00:00,87.54764,84.35
2018-10-03 20:00:00+00:00,82.21921,80.32
2018-10-03 21:00:00+00:00,76.04422,76.38
2018-10-03 22:00:00+00:00,73.91994,68.39
2018-10-03 23:00:00+00:00,65.842896,65.37
2018-10-04 00:00:00+00:00,63.323227,64.96
2018-10-04 01:00:00+00:00,64.41807,64.41
2018-10-04 02:00:00+00:00,62.676323,64.71
2018-10-04 03:00:00+00:00,65.58687,65.99
2018-10-04 04:00:00+00:00,69.18954,78.36
2018-10-04 05:00:00+00:00,83.03929,86.17
2018-10-04 06:00:00+00:00,86.23308,88.4
2018-10-04 07:00:00+00:00,84.53924,89.81
2018-10-04 08:00:00+00:00,85.99349,86.62
2018-10-04 09:00:00+00:00,84.20044,85.48
2018-10-04 10:00:00+00:00,83.273674,83.28
2018-10-04 11:00:00+00:00,82.13431,83.49
2018-10-04 12:00:00+00:00,82.07765,80.15
2018-10-04 13:00:00+00:00,78.755775,79.59
2018-10-04 14:00:00+00:00,79.25773,79.06
2018-10-04 15:00:00+00:00,80.11598,84.82
2018-10-04 16:00:00+00:00,87.83145,87.85
2018-10-04 17:00:00+00:00,90.06423,88.49
2018-10-04 18:00:00+00:00,88.870636,91.93
2018-10-04 19:00:00+00:00,93.14627,88.09
2018-10-04 20:00:00+00:00,85.11648,81.08
2018-10-04 21:00:00+00:00,77.92139,76.09
2018-10-04 22:00:00+00:00,76.37437,74.79
2018-10-04 23:00:00+00:00,72.11904,72.69
2018-10-05 00:00:00+00:00,69.17293,67.45
2018-10-05 01:00:00+00:00,64.54669,65.99
2018-10-05 02:00:00+00:00,64.176765,65.57
2018-10-05 03:00:00+00:00,67.083916,64.28
2018-10-05 04:00:00+00:00,68.431786,75.15
2018-10-05 05:00:00+00:00,81.752815,81.94
2018-10-05 06:00:00+00:00,85.2696,84.44
2018-10-05 07:00:00+00:00,83.81956,84.38
2018-10-05 08:00:00+00:00,83.225464,81.24
2018-10-05 09:00:00+00:00,80.450905,80.79
2018-10-05 10:00:00+00:00,79.99189,80.47
2018-10-05 11:00:00+00:00,80.22354,80.85
2018-10-05 12:00:00+00:00,79.29172,79.02
2018-10-05 13:00:00+00:00,77.65911,75.32
2018-10-05 14:00:00+00:00,75.14286,74.39
2018-10-05 15:00:00+00:00,77.45605,80.17
2018-10-05 16:00:00+00:00,84.212456,83.73
2018-10-05 17:00:00+00:00,88.15638,85.3
2018-10-05 18:00:00+00:00,87.26445,85.43
2018-10-05 19:00:00+00:00,87.028305,82.12
2018-10-05 20:00:00+00:00,79.9732,79.07
2018-10-05 21:00:00+00:00,76.472725,73.6
2018-10-05 22:00:00+00:00,74.54506,78.17
2018-10-05 23:00:00+00:00,76.11045,77.82
2018-10-06 00:00:00+00:00,73.16614,76.62
2018-10-06 01:00:00+00:00,73.54917,74.43
2018-10-06 02:00:00+00:00,71.462395,72.84
2018-10-06 03:00:00+00:00,70.87966,69.31
2018-10-06 04:00:00+00:00,70.090576,67.99
2018-10-06 05:00:00+00:00,69.53221,70.14
2018-10-06 06:00:00+00:00,73.72311,72.38
2018-10-06 07:00:00+00:00,74.225105,78.24
2018-10-06 08:00:00+00:00,77.60253,78.72
2018-10-06 09:00:00+00:00,79.29183,78.44
2018-10-06 10:00:00+00:00,78.12691,76.98
2018-10-06 11:00:00+00:00,76.08059,75.23
2018-10-06 12:00:00+00:00,73.506546,68.37
2018-10-06 13:00:00+00:00,66.44473,63.6
2018-10-06 14:00:00+00:00,63.541183,61.57000000000001
2018-10-06 15:00:00+00:00,63.79929,65.46
2018-10-06 16:00:00+00:00,69.98021,75.74
2018-10-06 17:00:00+00:00,80.95246,80.25
2018-10-06 18:00:00+00:00,80.96676,84.02
2018-10-06 19:00:00+00:00,83.97074,75.71
2018-10-06 20:00:00+00:00,72.05531,68.4
2018-10-06 21:00:00+00:00,66.67878,67.73
2018-10-06 22:00:00+00:00,67.81407,62.34000000000001
2018-10-06 23:00:00+00:00,60.294506,59.1
2018-10-07 00:00:00+00:00,58.460903,57.56000000000001
2018-10-07 01:00:00+00:00,56.907116,55.52
2018-10-07 02:00:00+00:00,55.287903,51.71
2018-10-07 03:00:00+00:00,51.764412,51.74
2018-10-07 04:00:00+00:00,52.2793,55.23
2018-10-07 05:00:00+00:00,56.986897,59.8
2018-10-07 06:00:00+00:00,62.234894,59.49
2018-10-07 07:00:00+00:00,61.208908,61.7
2018-10-07 08:00:00+00:00,63.148636,60.35
2018-10-07 09:00:00+00:00,62.58021,61.61999999999999
2018-10-07 10:00:00+00:00,63.792984,60.52
2018-10-07 11:00:00+00:00,62.324715,57.81999999999999
2018-10-07 12:00:00+00:00,58.048946,56.63
2018-10-07 13:00:00+00:00,56.160152,55.870000000000005
2018-10-07 14:00:00+00:00,54.72855,56.52
2018-10-07 15:00:00+00:00,58.297665,61.25000000000001
2018-10-07 16:00:00+00:00,66.141495,68.46
2018-10-07 17:00:00+00:00,75.33927,78.23
2018-10-07 18:00:00+00:00,80.087296,83.01
2018-10-07 19:00:00+00:00,80.85556,77.71
2018-10-07 20:00:00+00:00,72.663826,74.94
2018-10-07 21:00:00+00:00,69.38554,69.82
2018-10-07 22:00:00+00:00,64.82501,60.92
2018-10-07 23:00:00+00:00,56.75289,58.62
2018-10-08 00:00:00+00:00,55.9652,55.54
2018-10-08 01:00:00+00:00,53.064346,54.29
2018-10-08 02:00:00+00:00,51.81446,54.599999999999994
2018-10-08 03:00:00+00:00,55.924274,57.60000000000001
2018-10-08 04:00:00+00:00,62.018986,67.52
2018-10-08 05:00:00+00:00,73.52286,77.48
2018-10-08 06:00:00+00:00,79.29611,79.33
2018-10-08 07:00:00+00:00,78.74936,78.84
2018-10-08 08:00:00+00:00,77.97315,78.23
2018-10-08 09:00:00+00:00,78.21004,78.89
2018-10-08 10:00:00+00:00,78.50151,77.33
2018-10-08 11:00:00+00:00,77.00374,77.63
2018-10-08 12:00:00+00:00,76.262596,76.68
2018-10-08 13:00:00+00:00,77.05555,76.09
2018-10-08 14:00:00+00:00,75.73145,76.2
2018-10-08 15:00:00+00:00,78.36003,79.72
2018-10-08 16:00:00+00:00,82.43071,80.37
2018-10-08 17:00:00+00:00,84.07742,81.81
2018-10-08 18:00:00+00:00,82.772125,84.93
2018-10-08 19:00:00+00:00,84.10419,84.17
2018-10-08 20:00:00+00:00,79.81663,79.19
2018-10-08 21:00:00+00:00,73.446495,76.4
2018-10-08 22:00:00+00:00,73.98296,71.28
2018-10-08 23:00:00+00:00,68.475716,65.6
2018-10-09 00:00:00+00:00,63.458645,63.9
2018-10-09 01:00:00+00:00,61.72578,63.11
2018-10-09 02:00:00+00:00,62.00775,62.52000000000001
2018-10-09 03:00:00+00:00,64.62144,63.67
2018-10-09 04:00:00+00:00,69.21217,76.92
2018-10-09 05:00:00+00:00,83.137405,77.79
2018-10-09 06:00:00+00:00,81.05307,78.85
2018-10-09 07:00:00+00:00,80.57055,79.37
2018-10-09 08:00:00+00:00,80.48386,79.76
2018-10-09 09:00:00+00:00,80.45004,77.84
2018-10-09 10:00:00+00:00,76.60428,77.3
2018-10-09 11:00:00+00:00,77.67116,76.17
2018-10-09 12:00:00+00:00,76.300995,72.9
2018-10-09 13:00:00+00:00,73.571594,72.46
2018-10-09 14:00:00+00:00,74.184715,76.08
2018-10-09 15:00:00+00:00,79.157036,79.36
2018-10-09 16:00:00+00:00,81.6112,77.72
2018-10-09 17:00:00+00:00,80.38399,81.55
2018-10-09 18:00:00+00:00,84.13835,84.42
2018-10-09 19:00:00+00:00,83.17017,84.16
2018-10-09 20:00:00+00:00,79.51831,74.74
2018-10-09 21:00:00+00:00,69.77451,67.87
2018-10-09 22:00:00+00:00,67.153725,65.15
2018-10-09 23:00:00+00:00,62.351906,62.35000000000001
2018-10-10 00:00:00+00:00,60.015568,60.92
2018-10-10 01:00:00+00:00,58.649277,59.93
2018-10-10 02:00:00+00:00,58.821774,60.38
2018-10-10 03:00:00+00:00,63.080086,60.01
2018-10-10 04:00:00+00:00,65.22616,74.54
2018-10-10 05:00:00+00:00,82.24393,79.2
2018-10-10 06:00:00+00:00,79.833595,82.13
2018-10-10 07:00:00+00:00,82.13672,82.15
2018-10-10 08:00:00+00:00,79.449005,82.84
2018-10-10 09:00:00+00:00,81.98062,80.21
2018-10-10 10:00:00+00:00,76.58888,78.47
2018-10-10 11:00:00+00:00,76.50787,75.22
2018-10-10 12:00:00+00:00,71.45041,71.1
2018-10-10 13:00:00+00:00,69.29028,66.85
2018-10-10 14:00:00+00:00,66.9255,66.33
2018-10-10 15:00:00+00:00,68.15055,74.72
2018-10-10 16:00:00+00:00,77.96795,75.91
2018-10-10 17:00:00+00:00,77.29112,79.49
2018-10-10 18:00:00+00:00,80.63511,80.83
2018-10-10 19:00:00+00:00,78.52367,78.51
2018-10-10 20:00:00+00:00,73.48213,70.21
2018-10-10 21:00:00+00:00,64.77073,65.47
2018-10-10 22:00:00+00:00,64.274506,59.92
2018-10-10 23:00:00+00:00,55.45834,57.00999999999999
2018-10-11 00:00:00+00:00,54.386776,53.42
2018-10-11 01:00:00+00:00,51.036865,53.07
2018-10-11 02:00:00+00:00,50.674202,52.84
2018-10-11 03:00:00+00:00,54.7275,54.449999999999996
2018-10-11 04:00:00+00:00,59.712624,60.790000000000006
2018-10-11 05:00:00+00:00,67.86959,74.3
2018-10-11 06:00:00+00:00,76.836334,78.11
2018-10-11 07:00:00+00:00,77.2895,78.86
2018-10-11 08:00:00+00:00,77.40218,78.32
2018-10-11 09:00:00+00:00,77.17642,77.34
2018-10-11 10:00:00+00:00,75.18226,76.18
2018-10-11 11:00:00+00:00,75.11956,73.31
2018-10-11 12:00:00+00:00,70.58894,68.52
2018-10-11 13:00:00+00:00,66.867134,67.42
2018-10-11 14:00:00+00:00,67.97075,70.17
2018-10-11 15:00:00+00:00,72.07312,78.21
2018-10-11 16:00:00+00:00,79.44313,79.57
2018-10-11 17:00:00+00:00,80.42915,81.93
2018-10-11 18:00:00+00:00,82.710396,83.03
2018-10-11 19:00:00+00:00,82.35552,79.73
2018-10-11 20:00:00+00:00,76.9021,75.66
2018-10-11 21:00:00+00:00,71.518776,70.07
2018-10-11 22:00:00+00:00,67.63842,61.02
2018-10-11 23:00:00+00:00,57.840714,58.599999999999994
2018-10-12 00:00:00+00:00,58.06515,56.1
2018-10-12 01:00:00+00:00,55.617874,54.82
2018-10-12 02:00:00+00:00,53.7279,54.529999999999994
2018-10-12 03:00:00+00:00,56.069855,54.58
2018-10-12 04:00:00+00:00,59.64922,60.89
2018-10-12 05:00:00+00:00,68.43335,68.98
2018-10-12 06:00:00+00:00,73.775505,72.24
2018-10-12 07:00:00+00:00,73.41308,73.85
2018-10-12 08:00:00+00:00,73.46104,73.27
2018-10-12 09:00:00+00:00,73.243866,71.42
2018-10-12 10:00:00+00:00,70.68202,69.58
2018-10-12 11:00:00+00:00,68.929054,63.12
2018-10-12 12:00:00+00:00,61.93312,62.279999999999994
2018-10-12 13:00:00+00:00,63.488316,60.42
2018-10-12 14:00:00+00:00,61.969604,62.05
2018-10-12 15:00:00+00:00,67.118484,71.79
2018-10-12 16:00:00+00:00,76.49598,72.93
2018-10-12 17:00:00+00:00,75.59556,76.6
2018-10-12 18:00:00+00:00,77.74941,79.25
2018-10-12 19:00:00+00:00,78.40435,76.56
2018-10-12 20:00:00+00:00,72.93523,72.79
2018-10-12 21:00:00+00:00,67.80079,66.5
2018-10-12 22:00:00+00:00,63.45275,67.76
2018-10-12 23:00:00+00:00,63.60932,61.1
2018-10-13 00:00:00+00:00,57.9075,58.529999999999994
2018-10-13 01:00:00+00:00,55.138355,58.82
2018-10-13 02:00:00+00:00,55.88397,58.63999999999999
2018-10-13 03:00:00+00:00,56.34353,58.22
2018-10-13 04:00:00+00:00,58.8682,59.89
2018-10-13 05:00:00+00:00,62.150623,63.099999999999994
2018-10-13 06:00:00+00:00,66.445145,67.73
2018-10-13 07:00:00+00:00,66.41292,70.76
2018-10-13 08:00:00+00:00,68.55606,70.24
2018-10-13 09:00:00+00:00,69.16741,66.77
2018-10-13 10:00:00+00:00,61.547565,64.81
2018-10-13 11:00:00+00:00,61.793434,64.63
2018-10-13 12:00:00+00:00,60.93094,63.589999999999996
2018-10-13 13:00:00+00:00,59.532715,60.65999999999999
2018-10-13 14:00:00+00:00,58.055813,61.27
2018-10-13 15:00:00+00:00,61.70826,65.24
2018-10-13 16:00:00+00:00,69.219734,69.4
2018-10-13 17:00:00+00:00,73.835236,78.45
2018-10-13 18:00:00+00:00,78.5233,82.49
2018-10-13 19:00:00+00:00,78.72237,79.91
2018-10-13 20:00:00+00:00,72.868385,74.79
2018-10-13 21:00:00+00:00,67.265755,73.75
2018-10-13 22:00:00+00:00,69.441414,59.0
2018-10-13 23:00:00+00:00,51.38979,57.040000000000006
2018-10-14 00:00:00+00:00,54.154003,55.78
2018-10-14 01:00:00+00:00,52.76901,54.06000000000001
2018-10-14 02:00:00+00:00,51.524296,53.48
2018-10-14 03:00:00+00:00,53.532207,47.62
2018-10-14 04:00:00+00:00,48.62172,44.68
2018-10-14 05:00:00+00:00,46.9302,47.18
2018-10-14 06:00:00+00:00,51.63977,48.11
2018-10-14 07:00:00+00:00,50.7166,58.75
2018-10-14 08:00:00+00:00,61.400864,57.959999999999994
2018-10-14 09:00:00+00:00,59.446613,57.00000000000001
2018-10-14 10:00:00+00:00,56.75025,58.02000000000001
2018-10-14 11:00:00+00:00,58.91342,60.690000000000005
2018-10-14 12:00:00+00:00,59.46339,61.32000000000001
2018-10-14 13:00:00+00:00,58.622448,58.82
2018-10-14 14:00:00+00:00,55.234886,57.07000000000001
2018-10-14 15:00:00+00:00,56.26409,60.650000000000006
2018-10-14 16:00:00+00:00,63.10961,61.150000000000006
2018-10-14 17:00:00+00:00,66.63261,73.77
2018-10-14 18:00:00+00:00,78.38016,80.63
2018-10-14 19:00:00+00:00,81.0104,78.13
2018-10-14 20:00:00+00:00,75.967575,76.61
2018-10-14 21:00:00+00:00,71.133446,71.68
2018-10-14 22:00:00+00:00,65.564445,55.37
2018-10-14 23:00:00+00:00,46.802887,44.64
2018-10-15 00:00:00+00:00,40.92456,40.98
2018-10-15 01:00:00+00:00,36.629898,40.81
2018-10-15 02:00:00+00:00,38.33553,37.76
2018-10-15 03:00:00+00:00,40.05195,46.69
2018-10-15 04:00:00+00:00,55.689293,55.35
2018-10-15 05:00:00+00:00,65.402534,60.86000000000001
2018-10-15 06:00:00+00:00,68.49533,69.13
2018-10-15 07:00:00+00:00,71.81851,70.43
2018-10-15 08:00:00+00:00,69.64814,71.69
2018-10-15 09:00:00+00:00,70.991516,71.82
2018-10-15 10:00:00+00:00,69.877625,75.24
2018-10-15 11:00:00+00:00,73.95411,75.73
2018-10-15 12:00:00+00:00,72.66283,74.92
2018-10-15 13:00:00+00:00,71.70261,75.52
2018-10-15 14:00:00+00:00,73.62775,76.84
2018-10-15 15:00:00+00:00,76.25524,78.68
2018-10-15 16:00:00+00:00,79.460495,80.09
2018-10-15 17:00:00+00:00,83.81346,80.52
2018-10-15 18:00:00+00:00,82.02069,86.45
2018-10-15 19:00:00+00:00,86.30339,83.34
2018-10-15 20:00:00+00:00,78.907295,75.01
2018-10-15 21:00:00+00:00,69.69714,73.76
2018-10-15 22:00:00+00:00,70.27958,73.64
2018-10-15 23:00:00+00:00,69.39213,73.21
2018-10-16 00:00:00+00:00,68.132614,72.27
2018-10-16 01:00:00+00:00,67.373085,71.0
2018-10-16 02:00:00+00:00,68.217155,68.93
2018-10-16 03:00:00+00:00,67.72349,69.51
2018-10-16 04:00:00+00:00,71.003365,77.46
2018-10-16 05:00:00+00:00,78.96121,80.6
2018-10-16 06:00:00+00:00,81.38847,82.65
2018-10-16 07:00:00+00:00,81.95727,82.93
2018-10-16 08:00:00+00:00,81.90476,82.83
2018-10-16 09:00:00+00:00,81.89883,82.94
2018-10-16 10:00:00+00:00,81.309166,81.56
2018-10-16 11:00:00+00:00,79.971725,81.92
2018-10-16 12:00:00+00:00,80.296776,77.09
2018-10-16 13:00:00+00:00,76.400024,77.15
2018-10-16 14:00:00+00:00,78.66616,78.83
2018-10-16 15:00:00+00:00,80.33422,82.13
2018-10-16 16:00:00+00:00,83.84357,82.42
2018-10-16 17:00:00+00:00,84.25335,82.68
2018-10-16 18:00:00+00:00,84.1385,85.59
2018-10-16 19:00:00+00:00,84.67572,83.47
2018-10-16 20:00:00+00:00,79.61329,80.28
2018-10-16 21:00:00+00:00,76.04594,74.78
2018-10-16 22:00:00+00:00,74.63074,73.03
2018-10-16 23:00:00+00:00,70.71559,73.16
2018-10-17 00:00:00+00:00,70.57656,72.76
2018-10-17 01:00:00+00:00,69.994675,70.89
2018-10-17 02:00:00+00:00,69.642166,68.93
2018-10-17 03:00:00+00:00,69.72762,68.16
2018-10-17 04:00:00+00:00,72.990295,76.61
2018-10-17 05:00:00+00:00,82.42946,80.12
2018-10-17 06:00:00+00:00,84.01644,82.26
2018-10-17 07:00:00+00:00,83.31234,82.45
2018-10-17 08:00:00+00:00,83.54055,82.46
2018-10-17 09:00:00+00:00,82.830185,81.21
2018-10-17 10:00:00+00:00,81.50915,80.89
2018-10-17 11:00:00+00:00,80.95253,80.65
2018-10-17 12:00:00+00:00,79.2776,78.07
2018-10-17 13:00:00+00:00,77.4211,76.88
2018-10-17 14:00:00+00:00,77.20144,78.08
2018-10-17 15:00:00+00:00,79.821495,78.43
2018-10-17 16:00:00+00:00,80.72907,78.05
2018-10-17 17:00:00+00:00,81.84582,81.44
2018-10-17 18:00:00+00:00,83.17065,83.54
2018-10-17 19:00:00+00:00,82.949326,83.06
2018-10-17 20:00:00+00:00,79.80335,75.22
2018-10-17 21:00:00+00:00,72.264626,68.39
2018-10-17 22:00:00+00:00,69.225204,69.23
2018-10-17 23:00:00+00:00,68.28025,64.72
2018-10-18 00:00:00+00:00,64.41157,61.290000000000006
2018-10-18 01:00:00+00:00,61.134594,59.88
2018-10-18 02:00:00+00:00,60.86533,58.05
2018-10-18 03:00:00+00:00,61.242348,57.38
2018-10-18 04:00:00+00:00,63.081017,65.93
2018-10-18 05:00:00+00:00,72.86183,75.17
2018-10-18 06:00:00+00:00,79.42859,77.25
2018-10-18 07:00:00+00:00,77.19303,77.52
2018-10-18 08:00:00+00:00,77.06952,77.72
2018-10-18 09:00:00+00:00,77.92228,77.46
2018-10-18 10:00:00+00:00,76.362656,76.24
2018-10-18 11:00:00+00:00,75.32267,74.83
2018-10-18 12:00:00+00:00,73.982254,70.13
2018-10-18 13:00:00+00:00,70.43986,67.78
2018-10-18 14:00:00+00:00,69.75181,67.62
2018-10-18 15:00:00+00:00,70.510284,75.74
2018-10-18 16:00:00+00:00,80.18896,75.57
2018-10-18 17:00:00+00:00,79.167534,79.01
2018-10-18 18:00:00+00:00,83.43605,81.54
2018-10-18 19:00:00+00:00,82.77977,72.1
2018-10-18 20:00:00+00:00,70.28711,68.55
2018-10-18 21:00:00+00:00,67.54125,64.81
2018-10-18 22:00:00+00:00,63.91787,57.96999999999999
2018-10-18 23:00:00+00:00,56.155685,56.03
2018-10-19 00:00:00+00:00,56.067776,54.099999999999994
2018-10-19 01:00:00+00:00,53.33487,53.77000000000001
2018-10-19 02:00:00+00:00,53.086666,54.099999999999994
2018-10-19 03:00:00+00:00,56.676437,56.71
2018-10-19 04:00:00+00:00,62.60513,62.879999999999995
2018-10-19 05:00:00+00:00,71.410995,72.99
2018-10-19 06:00:00+00:00,78.24774,75.39
2018-10-19 07:00:00+00:00,76.454,76.09
2018-10-19 08:00:00+00:00,76.14038,76.36
2018-10-19 09:00:00+00:00,76.839806,76.62
2018-10-19 10:00:00+00:00,75.640366,76.14
2018-10-19 11:00:00+00:00,75.75842,70.16
2018-10-19 12:00:00+00:00,68.793594,67.61
2018-10-19 13:00:00+00:00,68.73296,67.38
2018-10-19 14:00:00+00:00,69.230545,67.94
2018-10-19 15:00:00+00:00,71.46371,74.44
2018-10-19 16:00:00+00:00,78.42193,74.24
2018-10-19 17:00:00+00:00,78.67968,76.81
2018-10-19 18:00:00+00:00,79.21778,79.84
2018-10-19 19:00:00+00:00,79.82858,75.49
2018-10-19 20:00:00+00:00,71.820786,67.97
2018-10-19 21:00:00+00:00,65.60133,64.84
2018-10-19 22:00:00+00:00,63.24704,69.01
2018-10-19 23:00:00+00:00,65.48837,61.06
2018-10-20 00:00:00+00:00,58.37307,56.790000000000006
2018-10-20 01:00:00+00:00,55.952835,56.63
2018-10-20 02:00:00+00:00,56.18721,56.81
2018-10-20 03:00:00+00:00,56.511093,55.52
2018-10-20 04:00:00+00:00,57.366123,57.49000000000001
2018-10-20 05:00:00+00:00,62.618454,60.900000000000006
2018-10-20 06:00:00+00:00,66.3396,65.13
2018-10-20 07:00:00+00:00,68.97356,71.78
2018-10-20 08:00:00+00:00,73.34806,71.17
2018-10-20 09:00:00+00:00,72.02853,68.14
2018-10-20 10:00:00+00:00,68.412544,65.66
2018-10-20 11:00:00+00:00,65.498985,63.519999999999996
2018-10-20 12:00:00+00:00,62.998196,61.290000000000006
2018-10-20 13:00:00+00:00,60.441223,58.58
2018-10-20 14:00:00+00:00,59.33892,60.36
2018-10-20 15:00:00+00:00,62.955753,66.14
2018-10-20 16:00:00+00:00,70.79425,72.8
2018-10-20 17:00:00+00:00,75.91494,75.06
2018-10-20 18:00:00+00:00,74.854164,77.32
2018-10-20 19:00:00+00:00,75.56768,70.42
2018-10-20 20:00:00+00:00,66.95374,66.08
2018-10-20 21:00:00+00:00,64.51669,66.45
2018-10-20 22:00:00+00:00,65.4296,59.63
2018-10-20 23:00:00+00:00,57.72798,58.209999999999994
2018-10-21 00:00:00+00:00,57.106403,55.660000000000004
2018-10-21 01:00:00+00:00,54.637936,54.75
2018-10-21 02:00:00+00:00,53.841053,54.83
2018-10-21 03:00:00+00:00,54.336246,55.23
2018-10-21 04:00:00+00:00,54.636673,57.18999999999999
2018-10-21 05:00:00+00:00,58.26344,61.50000000000001
2018-10-21 06:00:00+00:00,64.54093,63.96
2018-10-21 07:00:00+00:00,65.44143,66.32
2018-10-21 08:00:00+00:00,66.62555,65.45
2018-10-21 09:00:00+00:00,66.67851,65.53
2018-10-21 10:00:00+00:00,65.39816,65.77
2018-10-21 11:00:00+00:00,65.354004,70.74
2018-10-21 12:00:00+00:00,68.26494,71.58
2018-10-21 13:00:00+00:00,67.56412,64.63
2018-10-21 14:00:00+00:00,61.946724,62.739999999999995
2018-10-21 15:00:00+00:00,64.75738,65.22
2018-10-21 16:00:00+00:00,69.39502,74.53
2018-10-21 17:00:00+00:00,80.083244,79.11
2018-10-21 18:00:00+00:00,79.97509,78.95
2018-10-21 19:00:00+00:00,79.102234,77.12
2018-10-21 20:00:00+00:00,76.51424,75.04
2018-10-21 21:00:00+00:00,72.264755,70.49
2018-10-21 22:00:00+00:00,67.60505,64.6
2018-10-21 23:00:00+00:00,61.57369,60.550000000000004
2018-10-22 00:00:00+00:00,58.69153,58.809999999999995
2018-10-22 01:00:00+00:00,57.07231,58.66
2018-10-22 02:00:00+00:00,57.08696,58.459999999999994
2018-10-22 03:00:00+00:00,58.49659,58.76
2018-10-22 04:00:00+00:00,62.47004,66.0
2018-10-22 05:00:00+00:00,71.526215,74.97
2018-10-22 06:00:00+00:00,79.36943,77.96
2018-10-22 07:00:00+00:00,77.33903,77.7
2018-10-22 08:00:00+00:00,77.2077,76.7
2018-10-22 09:00:00+00:00,76.09004,76.36
2018-10-22 10:00:00+00:00,77.00668,74.3
2018-10-22 11:00:00+00:00,73.792854,68.43
2018-10-22 12:00:00+00:00,68.015915,65.04
2018-10-22 13:00:00+00:00,65.42525,63.61
2018-10-22 14:00:00+00:00,64.81839,63.339999999999996
2018-10-22 15:00:00+00:00,68.3365,72.14
2018-10-22 16:00:00+00:00,79.63705,73.51
2018-10-22 17:00:00+00:00,78.705444,75.97
2018-10-22 18:00:00+00:00,79.23302,78.34
2018-10-22 19:00:00+00:00,78.01931,73.71
2018-10-22 20:00:00+00:00,70.89873,66.03
2018-10-22 21:00:00+00:00,63.213135,60.88
2018-10-22 22:00:00+00:00,59.692566,57.24
2018-10-22 23:00:00+00:00,56.313927,56.550000000000004
2018-10-23 00:00:00+00:00,54.852066,55.03
2018-10-23 01:00:00+00:00,52.724487,52.02
2018-10-23 02:00:00+00:00,52.18725,52.35
2018-10-23 03:00:00+00:00,56.18856,53.12
2018-10-23 04:00:00+00:00,60.71768,58.63999999999999
2018-10-23 05:00:00+00:00,67.66224,71.83
2018-10-23 06:00:00+00:00,78.46939,74.87
2018-10-23 07:00:00+00:00,75.25856,75.05
2018-10-23 08:00:00+00:00,74.923485,75.65
2018-10-23 09:00:00+00:00,75.85199,75.82
2018-10-23 10:00:00+00:00,74.512856,74.39
2018-10-23 11:00:00+00:00,73.693474,70.89
2018-10-23 12:00:00+00:00,69.196526,66.77
2018-10-23 13:00:00+00:00,67.349304,64.38
2018-10-23 14:00:00+00:00,66.510704,64.21
2018-10-23 15:00:00+00:00,68.11532,69.5
2018-10-23 16:00:00+00:00,75.59993,76.85
2018-10-23 17:00:00+00:00,81.77033,79.1
2018-10-23 18:00:00+00:00,79.63233,81.29
2018-10-23 19:00:00+00:00,79.66701,77.03
2018-10-23 20:00:00+00:00,73.127014,73.43
2018-10-23 21:00:00+00:00,68.738396,65.23
2018-10-23 22:00:00+00:00,64.118256,61.73
2018-10-23 23:00:00+00:00,60.48403,60.6
2018-10-24 00:00:00+00:00,58.592476,58.17000000000001
2018-10-24 01:00:00+00:00,56.027386,58.13000000000001
2018-10-24 02:00:00+00:00,56.899647,57.03
2018-10-24 03:00:00+00:00,58.097828,57.60000000000001
2018-10-24 04:00:00+00:00,62.423244,62.669999999999995
2018-10-24 05:00:00+00:00,70.167046,73.84
2018-10-24 06:00:00+00:00,78.63987,77.91
2018-10-24 07:00:00+00:00,78.099785,78.07
2018-10-24 08:00:00+00:00,77.094765,78.07
2018-10-24 09:00:00+00:00,77.72166,77.23
2018-10-24 10:00:00+00:00,76.38036,76.37
2018-10-24 11:00:00+00:00,74.832825,75.86
2018-10-24 12:00:00+00:00,73.41588,72.9
2018-10-24 13:00:00+00:00,70.572945,69.3
2018-10-24 14:00:00+00:00,68.642654,69.79
2018-10-24 15:00:00+00:00,71.677,72.85
2018-10-24 16:00:00+00:00,76.58346,73.96
2018-10-24 17:00:00+00:00,78.68449,77.96
2018-10-24 18:00:00+00:00,80.00857,80.29
2018-10-24 19:00:00+00:00,78.51416,78.41
2018-10-24 20:00:00+00:00,74.843185,73.75
2018-10-24 21:00:00+00:00,70.07978,71.53
2018-10-24 22:00:00+00:00,69.61748,67.82
2018-10-24 23:00:00+00:00,64.99013,67.65
2018-10-25 00:00:00+00:00,63.431267,62.56999999999999
2018-10-25 01:00:00+00:00,60.434917,62.42000000000001
2018-10-25 02:00:00+00:00,60.51683,62.42000000000001
2018-10-25 03:00:00+00:00,63.42121,64.4
2018-10-25 04:00:00+00:00,68.0097,71.86
2018-10-25 05:00:00+00:00,77.82836,75.87
2018-10-25 06:00:00+00:00,79.86558,79.04
2018-10-25 07:00:00+00:00,79.71734,79.87
2018-10-25 08:00:00+00:00,79.22207,79.67
2018-10-25 09:00:00+00:00,79.54387,79.71
2018-10-25 10:00:00+00:00,79.827095,79.32
2018-10-25 11:00:00+00:00,78.792595,79.47
2018-10-25 12:00:00+00:00,78.0597,78.46
2018-10-25 13:00:00+00:00,76.570526,74.82
2018-10-25 14:00:00+00:00,74.233894,74.71
2018-10-25 15:00:00+00:00,76.1282,78.69
2018-10-25 16:00:00+00:00,81.17009,79.53
2018-10-25 17:00:00+00:00,81.55825,81.66
2018-10-25 18:00:00+00:00,82.01239,84.03
2018-10-25 19:00:00+00:00,82.34129,81.69
2018-10-25 20:00:00+00:00,78.47343,76.87
2018-10-25 21:00:00+00:00,73.8505,74.42
2018-10-25 22:00:00+00:00,72.526855,75.09
2018-10-25 23:00:00+00:00,71.089485,73.34
2018-10-26 00:00:00+00:00,68.28241,72.28
2018-10-26 01:00:00+00:00,68.30237,70.2
2018-10-26 02:00:00+00:00,68.24816,68.59
2018-10-26 03:00:00+00:00,68.279335,68.44
2018-10-26 04:00:00+00:00,70.65194,74.29
2018-10-26 05:00:00+00:00,78.30683,79.16
2018-10-26 06:00:00+00:00,80.97986,81.9
2018-10-26 07:00:00+00:00,81.21249,82.31
2018-10-26 08:00:00+00:00,81.63255,83.08
2018-10-26 09:00:00+00:00,82.66809,83.56
2018-10-26 10:00:00+00:00,82.182014,83.25
2018-10-26 11:00:00+00:00,81.80924,79.61
2018-10-26 12:00:00+00:00,78.111595,75.45
2018-10-26 13:00:00+00:00,74.845726,73.99
2018-10-26 14:00:00+00:00,74.06986,72.54
2018-10-26 15:00:00+00:00,74.33705,74.32
2018-10-26 16:00:00+00:00,77.70104,74.9
2018-10-26 17:00:00+00:00,78.4661,77.18
2018-10-26 18:00:00+00:00,80.914474,79.06
2018-10-26 19:00:00+00:00,79.0877,73.45
2018-10-26 20:00:00+00:00,71.934975,71.34
2018-10-26 21:00:00+00:00,69.13521,69.47
2018-10-26 22:00:00+00:00,67.98384,71.06
2018-10-26 23:00:00+00:00,67.7981,67.68
2018-10-27 00:00:00+00:00,64.253685,64.53
2018-10-27 01:00:00+00:00,62.744698,59.15
2018-10-27 02:00:00+00:00,58.0547,57.92000000000001
2018-10-27 03:00:00+00:00,59.14349,57.57000000000001
2018-10-27 04:00:00+00:00,60.35926,59.69
2018-10-27 05:00:00+00:00,64.46147,60.29
2018-10-27 06:00:00+00:00,64.829605,61.04999999999999
2018-10-27 07:00:00+00:00,65.10378,70.54
2018-10-27 08:00:00+00:00,74.26649,74.96
2018-10-27 09:00:00+00:00,75.62993,74.91
2018-10-27 10:00:00+00:00,72.84913,71.39
2018-10-27 11:00:00+00:00,68.7741,71.33
2018-10-27 12:00:00+00:00,70.12373,66.3
2018-10-27 13:00:00+00:00,63.337807,59.56
2018-10-27 14:00:00+00:00,59.266247,59.17
2018-10-27 15:00:00+00:00,61.65442,58.61
2018-10-27 16:00:00+00:00,63.25683,59.5
2018-10-27 17:00:00+00:00,66.13361,68.48
2018-10-27 18:00:00+00:00,73.28285,76.34
2018-10-27 19:00:00+00:00,75.83344,75.25
2018-10-27 20:00:00+00:00,70.45828,72.6
2018-10-27 21:00:00+00:00,67.86696,65.98
2018-10-27 22:00:00+00:00,62.53155,68.15
2018-10-27 23:00:00+00:00,65.758965,59.71
2018-10-28 00:00:00+00:00,54.484802,58.279999999999994
2018-10-28 01:00:00+00:00,54.106873,56.330000000000005
2018-10-28 02:00:00+00:00,52.906208,52.22
2018-10-28 03:00:00+00:00,50.745773,50.83
2018-10-28 04:00:00+00:00,51.71164,51.77
2018-10-28 05:00:00+00:00,54.05472,53.66
2018-10-28 06:00:00+00:00,57.960957,53.78999999999999
2018-10-28 07:00:00+00:00,57.703236,56.970000000000006
2018-10-28 08:00:00+00:00,62.201595,59.37
2018-10-28 09:00:00+00:00,63.648983,59.23
2018-10-28 10:00:00+00:00,60.726532,56.92
2018-10-28 11:00:00+00:00,57.51372,59.86
2018-10-28 12:00:00+00:00,60.00188,58.599999999999994
2018-10-28 13:00:00+00:00,58.25728,57.09
2018-10-28 14:00:00+00:00,58.68247,56.46
2018-10-28 15:00:00+00:00,58.192093,54.309999999999995
2018-10-28 16:00:00+00:00,62.014645,61.220000000000006
2018-10-28 17:00:00+00:00,71.91358,71.58
2018-10-28 18:00:00+00:00,78.140625,75.44
2018-10-28 19:00:00+00:00,77.90187,76.0
2018-10-28 20:00:00+00:00,75.06326,76.31
2018-10-28 21:00:00+00:00,72.445114,72.77
2018-10-28 22:00:00+00:00,69.25572,64.76
2018-10-28 23:00:00+00:00,60.70381,57.00000000000001
2018-10-29 00:00:00+00:00,54.372303,53.15
2018-10-29 01:00:00+00:00,52.882668,47.28
2018-10-29 02:00:00+00:00,45.96755,42.05
2018-10-29 03:00:00+00:00,44.646072,43.13
2018-10-29 04:00:00+00:00,50.144184,56.330000000000005
2018-10-29 05:00:00+00:00,65.66562,63.69
2018-10-29 06:00:00+00:00,72.27716,69.34
2018-10-29 07:00:00+00:00,73.284065,74.5
2018-10-29 08:00:00+00:00,75.039604,74.67
2018-10-29 09:00:00+00:00,73.853874,72.82
2018-10-29 10:00:00+00:00,70.45791,69.64
2018-10-29 11:00:00+00:00,67.56664,67.29
2018-10-29 12:00:00+00:00,64.709206,70.04
2018-10-29 13:00:00+00:00,67.13823,62.93
2018-10-29 14:00:00+00:00,60.842392,62.13000000000001
2018-10-29 15:00:00+00:00,64.514015,63.66
2018-10-29 16:00:00+00:00,70.03166,72.66
2018-10-29 17:00:00+00:00,79.81881,76.48
2018-10-29 18:00:00+00:00,77.35958,81.3
2018-10-29 19:00:00+00:00,80.263054,82.67
2018-10-29 20:00:00+00:00,76.67624,79.87
2018-10-29 21:00:00+00:00,71.90145,73.84
2018-10-29 22:00:00+00:00,67.5246,70.15
2018-10-29 23:00:00+00:00,63.946724,57.85000000000001
2018-10-30 00:00:00+00:00,52.80964,56.43
2018-10-30 01:00:00+00:00,52.880844,56.440000000000005
2018-10-30 02:00:00+00:00,53.92254,55.37
2018-10-30 03:00:00+00:00,55.115944,55.97
2018-10-30 04:00:00+00:00,61.251114,58.699999999999996
2018-10-30 05:00:00+00:00,66.18625,62.779999999999994
2018-10-30 06:00:00+00:00,71.45834,71.07
2018-10-30 07:00:00+00:00,76.714096,75.64
2018-10-30 08:00:00+00:00,77.2413,76.65
2018-10-30 09:00:00+00:00,76.70233,76.32
2018-10-30 10:00:00+00:00,73.94458,76.7
2018-10-30 11:00:00+00:00,74.45356,77.67
2018-10-30 12:00:00+00:00,74.14233,76.18
2018-10-30 13:00:00+00:00,72.08273,74.49
2018-10-30 14:00:00+00:00,70.67198,72.85
2018-10-30 15:00:00+00:00,72.63015,72.94
2018-10-30 16:00:00+00:00,74.23965,75.35
2018-10-30 17:00:00+00:00,79.20735,76.63
2018-10-30 18:00:00+00:00,77.349205,80.2
2018-10-30 19:00:00+00:00,81.72237,82.07
2018-10-30 20:00:00+00:00,79.56356,80.63
2018-10-30 21:00:00+00:00,75.745834,75.34
2018-10-30 22:00:00+00:00,70.59668,71.07
2018-10-30 23:00:00+00:00,66.293655,68.52
2018-10-31 00:00:00+00:00,64.36736,63.269999999999996
2018-10-31 01:00:00+00:00,59.378574,62.06999999999999
2018-10-31 02:00:00+00:00,61.470203,58.41
2018-10-31 03:00:00+00:00,60.295166,57.67999999999999
2018-10-31 04:00:00+00:00,62.575485,60.22
2018-10-31 05:00:00+00:00,67.5269,72.48
2018-10-31 06:00:00+00:00,79.30609,73.86
2018-10-31 07:00:00+00:00,76.61218,77.76
2018-10-31 08:00:00+00:00,78.66637,78.71
2018-10-31 09:00:00+00:00,78.31054,78.93
2018-10-31 10:00:00+00:00,77.03034,77.91
2018-10-31 11:00:00+00:00,75.55683,78.1
2018-10-31 12:00:00+00:00,75.6833,78.27
2018-10-31 13:00:00+00:00,75.86482,76.5
2018-10-31 14:00:00+00:00,74.2045,75.88
2018-10-31 15:00:00+00:00,76.52904,76.56
2018-10-31 16:00:00+00:00,78.61189,78.02
2018-10-31 17:00:00+00:00,81.626816,81.45
2018-10-31 18:00:00+00:00,83.33643,82.95
2018-10-31 19:00:00+00:00,83.47039,84.45
2018-10-31 20:00:00+00:00,82.53658,86.8
2018-10-31 21:00:00+00:00,80.48446,72.96
2018-10-31 22:00:00+00:00,69.61236,73.79
2018-10-31 23:00:00+00:00,72.07127,74.53
2018-11-01 00:00:00+00:00,69.39252,72.07
2018-11-01 01:00:00+00:00,66.59567,70.35
2018-11-01 02:00:00+00:00,65.88952,69.63
2018-11-01 03:00:00+00:00,65.98445,65.66
2018-11-01 04:00:00+00:00,64.49436,63.239999999999995
2018-11-01 05:00:00+00:00,65.95464,62.919999999999995
2018-11-01 06:00:00+00:00,70.15832,63.12
2018-11-01 07:00:00+00:00,70.049934,63.78
2018-11-01 08:00:00+00:00,68.92751,68.34
2018-11-01 09:00:00+00:00,71.744194,69.29
2018-11-01 10:00:00+00:00,70.92196,68.86
2018-11-01 11:00:00+00:00,70.05697,67.9
2018-11-01 12:00:00+00:00,67.94402,67.86
2018-11-01 13:00:00+00:00,68.79207,63.35
2018-11-01 14:00:00+00:00,63.79018,60.050000000000004
2018-11-01 15:00:00+00:00,64.20198,60.09
2018-11-01 16:00:00+00:00,66.84421,67.57
2018-11-01 17:00:00+00:00,74.73232,77.0
2018-11-01 18:00:00+00:00,79.226585,77.18
2018-11-01 19:00:00+00:00,77.012054,76.78
2018-11-01 20:00:00+00:00,74.0752,75.52
2018-11-01 21:00:00+00:00,70.818665,72.32
2018-11-01 22:00:00+00:00,70.29032,64.58
2018-11-01 23:00:00+00:00,63.98214,61.77
2018-11-02 00:00:00+00:00,61.470062,58.949999999999996
2018-11-02 01:00:00+00:00,59.13625,54.519999999999996
2018-11-02 02:00:00+00:00,54.874,54.13000000000001
2018-11-02 03:00:00+00:00,54.554016,53.47
2018-11-02 04:00:00+00:00,56.630253,56.230000000000004
2018-11-02 05:00:00+00:00,61.410664,65.06
2018-11-02 06:00:00+00:00,69.86038,71.04
2018-11-02 07:00:00+00:00,72.142136,73.54
2018-11-02 08:00:00+00:00,73.55539,74.52
2018-11-02 09:00:00+00:00,75.273705,75.17
2018-11-02 10:00:00+00:00,73.14157,74.59
2018-11-02 11:00:00+00:00,74.90813,72.96
2018-11-02 12:00:00+00:00,71.08666,71.47
2018-11-02 13:00:00+00:00,68.7688,68.76
2018-11-02 14:00:00+00:00,67.63923,70.49
2018-11-02 15:00:00+00:00,70.37208,70.71
2018-11-02 16:00:00+00:00,73.069626,72.91
2018-11-02 17:00:00+00:00,77.59841,78.36
2018-11-02 18:00:00+00:00,80.83704,79.61
2018-11-02 19:00:00+00:00,80.32579,78.33
2018-11-02 20:00:00+00:00,76.900276,73.2
2018-11-02 21:00:00+00:00,71.026375,72.49
2018-11-02 22:00:00+00:00,70.91091,71.46
2018-11-02 23:00:00+00:00,68.77594,68.15
2018-11-03 00:00:00+00:00,63.857243,59.6
2018-11-03 01:00:00+00:00,57.612804,57.92999999999999
2018-11-03 02:00:00+00:00,56.068657,55.339999999999996
2018-11-03 03:00:00+00:00,54.076897,53.68
2018-11-03 04:00:00+00:00,53.58377,55.68
2018-11-03 05:00:00+00:00,59.20746,57.25000000000001
2018-11-03 06:00:00+00:00,61.53274,59.79
2018-11-03 07:00:00+00:00,64.14452,65.23
2018-11-03 08:00:00+00:00,67.84207,68.58
2018-11-03 09:00:00+00:00,68.8227,68.07
2018-11-03 10:00:00+00:00,67.05193,70.39
2018-11-03 11:00:00+00:00,70.26594,70.82
2018-11-03 12:00:00+00:00,69.307846,71.0
2018-11-03 13:00:00+00:00,68.95191,69.74
2018-11-03 14:00:00+00:00,67.41998,66.57
2018-11-03 15:00:00+00:00,66.16616,65.33
2018-11-03 16:00:00+00:00,68.159096,73.82
2018-11-03 17:00:00+00:00,79.22834,81.58
2018-11-03 18:00:00+00:00,81.56048,81.78
2018-11-03 19:00:00+00:00,80.50411,79.27
2018-11-03 20:00:00+00:00,77.08572,77.07
2018-11-03 21:00:00+00:00,74.89764,73.13
2018-11-03 22:00:00+00:00,72.47144,72.88
2018-11-03 23:00:00+00:00,68.84781,72.54
2018-11-04 00:00:00+00:00,67.23896,69.56
2018-11-04 01:00:00+00:00,64.444176,66.76
2018-11-04 02:00:00+00:00,61.819923,61.36999999999999
2018-11-04 03:00:00+00:00,57.804092,58.69
2018-11-04 04:00:00+00:00,57.473583,58.699999999999996
2018-11-04 05:00:00+00:00,58.019917,58.93
2018-11-04 06:00:00+00:00,57.86757,59.17
2018-11-04 07:00:00+00:00,60.46781,59.99
2018-11-04 08:00:00+00:00,60.313896,63.82
2018-11-04 09:00:00+00:00,65.62693,66.51
2018-11-04 10:00:00+00:00,65.81812,66.69
2018-11-04 11:00:00+00:00,66.34376,63.8
2018-11-04 12:00:00+00:00,62.55783,61.42
2018-11-04 13:00:00+00:00,61.00022,60.09
2018-11-04 14:00:00+00:00,57.695805,57.84
2018-11-04 15:00:00+00:00,58.4865,57.69
2018-11-04 16:00:00+00:00,61.18905,67.35
2018-11-04 17:00:00+00:00,74.31024,72.57
2018-11-04 18:00:00+00:00,73.244545,73.76
2018-11-04 19:00:00+00:00,73.85063,69.74
2018-11-04 20:00:00+00:00,66.74203,69.0
2018-11-04 21:00:00+00:00,64.53232,64.3
2018-11-04 22:00:00+00:00,60.558544,59.82
2018-11-04 23:00:00+00:00,54.87722,55.33
2018-11-05 00:00:00+00:00,51.25624,49.88
2018-11-05 01:00:00+00:00,49.01771,48.06
2018-11-05 02:00:00+00:00,46.477657,45.87
2018-11-05 03:00:00+00:00,48.390694,44.66
2018-11-05 04:00:00+00:00,51.78704,50.2
2018-11-05 05:00:00+00:00,60.062504,59.73
2018-11-05 06:00:00+00:00,67.59533,71.46
2018-11-05 07:00:00+00:00,75.14869,73.78
2018-11-05 08:00:00+00:00,75.43261,74.57
2018-11-05 09:00:00+00:00,77.2077,73.69
2018-11-05 10:00:00+00:00,73.21794,73.04
2018-11-05 11:00:00+00:00,72.4486,71.03
2018-11-05 12:00:00+00:00,69.32091,72.38
2018-11-05 13:00:00+00:00,69.76784,71.21
2018-11-05 14:00:00+00:00,67.462776,70.03
2018-11-05 15:00:00+00:00,70.07536,69.29
2018-11-05 16:00:00+00:00,72.2351,72.73
2018-11-05 17:00:00+00:00,78.014046,76.7
2018-11-05 18:00:00+00:00,78.24687,78.69
2018-11-05 19:00:00+00:00,77.75144,75.37
2018-11-05 20:00:00+00:00,71.871315,70.1
2018-11-05 21:00:00+00:00,65.88101,67.06
2018-11-05 22:00:00+00:00,65.28752,60.050000000000004
2018-11-05 23:00:00+00:00,56.29431,54.239999999999995
2018-11-06 00:00:00+00:00,50.486473,50.51
2018-11-06 01:00:00+00:00,46.084106,48.1
2018-11-06 02:00:00+00:00,45.416576,47.03
2018-11-06 03:00:00+00:00,47.14337,46.06
2018-11-06 04:00:00+00:00,48.79656,51.1
2018-11-06 05:00:00+00:00,58.935394,56.230000000000004
2018-11-06 06:00:00+00:00,64.3523,67.45
2018-11-06 07:00:00+00:00,71.80553,72.11
2018-11-06 08:00:00+00:00,72.00925,72.48
2018-11-06 09:00:00+00:00,72.43334,69.96
2018-11-06 10:00:00+00:00,69.2906,68.45
2018-11-06 11:00:00+00:00,68.39016,65.67
2018-11-06 12:00:00+00:00,64.54571,67.25
2018-11-06 13:00:00+00:00,67.27573,68.36
2018-11-06 14:00:00+00:00,67.22806,68.98
2018-11-06 15:00:00+00:00,69.38467,70.48
2018-11-06 16:00:00+00:00,71.9149,73.34
2018-11-06 17:00:00+00:00,76.443,77.24
2018-11-06 18:00:00+00:00,77.626144,78.44
2018-11-06 19:00:00+00:00,76.50878,73.31
2018-11-06 20:00:00+00:00,70.09074,66.54
2018-11-06 21:00:00+00:00,62.86919,60.68
2018-11-06 22:00:00+00:00,59.198246,57.76
2018-11-06 23:00:00+00:00,54.550934,49.52
2018-11-07 00:00:00+00:00,44.88467,47.85
2018-11-07 01:00:00+00:00,43.38023,45.61
2018-11-07 02:00:00+00:00,42.14648,44.76
2018-11-07 03:00:00+00:00,42.858227,43.53
2018-11-07 04:00:00+00:00,45.14349,48.17
2018-11-07 05:00:00+00:00,53.93213,55.29
2018-11-07 06:00:00+00:00,63.760868,65.56
2018-11-07 07:00:00+00:00,70.555244,68.81
2018-11-07 08:00:00+00:00,70.895096,67.37
2018-11-07 09:00:00+00:00,68.60634,66.03
2018-11-07 10:00:00+00:00,66.480896,65.53
2018-11-07 11:00:00+00:00,65.96972,64.5
2018-11-07 12:00:00+00:00,64.308334,66.74
2018-11-07 13:00:00+00:00,66.15838,67.44
2018-11-07 14:00:00+00:00,66.93605,70.08
2018-11-07 15:00:00+00:00,71.49156,72.49
2018-11-07 16:00:00+00:00,74.45472,75.69
2018-11-07 17:00:00+00:00,78.9521,80.5
2018-11-07 18:00:00+00:00,79.66776,79.63
2018-11-07 19:00:00+00:00,77.88841,80.35
2018-11-07 20:00:00+00:00,75.936615,79.66
2018-11-07 21:00:00+00:00,72.8596,74.32
2018-11-07 22:00:00+00:00,69.76601,72.55
2018-11-07 23:00:00+00:00,67.851364,67.53
2018-11-08 00:00:00+00:00,62.635014,65.31
2018-11-08 01:00:00+00:00,61.33944,58.51
2018-11-08 02:00:00+00:00,56.0293,55.84
2018-11-08 03:00:00+00:00,55.209885,54.029999999999994
2018-11-08 04:00:00+00:00,56.318417,53.88000000000001
2018-11-08 05:00:00+00:00,59.203876,60.56
2018-11-08 06:00:00+00:00,68.46221,69.62
2018-11-08 07:00:00+00:00,75.17813,72.75
2018-11-08 08:00:00+00:00,72.97506,72.9
2018-11-08 09:00:00+00:00,72.09543,71.95
2018-11-08 10:00:00+00:00,68.501526,70.35
2018-11-08 11:00:00+00:00,67.63402,69.49
2018-11-08 12:00:00+00:00,66.3721,68.65
2018-11-08 13:00:00+00:00,65.977264,66.98
2018-11-08 14:00:00+00:00,65.60021,67.56
2018-11-08 15:00:00+00:00,68.50848,68.54
2018-11-08 16:00:00+00:00,71.598335,70.87
2018-11-08 17:00:00+00:00,74.7268,74.81
2018-11-08 18:00:00+00:00,75.23706,76.21
2018-11-08 19:00:00+00:00,74.75867,74.62
2018-11-08 20:00:00+00:00,71.61167,69.64
2018-11-08 21:00:00+00:00,65.91996,64.5
2018-11-08 22:00:00+00:00,63.52288,60.06
2018-11-08 23:00:00+00:00,58.245293,56.1
2018-11-09 00:00:00+00:00,55.408474,54.489999999999995
2018-11-09 01:00:00+00:00,53.143368,51.59
2018-11-09 02:00:00+00:00,51.185154,51.94
2018-11-09 03:00:00+00:00,52.73722,51.88
2018-11-09 04:00:00+00:00,54.758728,55.43
2018-11-09 05:00:00+00:00,60.483654,66.6
2018-11-09 06:00:00+00:00,71.9709,70.69
2018-11-09 07:00:00+00:00,72.85821,73.65
2018-11-09 08:00:00+00:00,73.93224,73.59
2018-11-09 09:00:00+00:00,73.94163,72.24
2018-11-09 10:00:00+00:00,70.73845,70.32
2018-11-09 11:00:00+00:00,69.23882,68.59
2018-11-09 12:00:00+00:00,67.15145,67.44
2018-11-09 13:00:00+00:00,66.29948,65.31
2018-11-09 14:00:00+00:00,64.75739,64.8
2018-11-09 15:00:00+00:00,66.37598,66.35
2018-11-09 16:00:00+00:00,70.06382,69.51
2018-11-09 17:00:00+00:00,74.17338,74.17
2018-11-09 18:00:00+00:00,76.146545,73.52
2018-11-09 19:00:00+00:00,73.43638,68.3
2018-11-09 20:00:00+00:00,66.71474,63.69
2018-11-09 21:00:00+00:00,61.05783,61.31
2018-11-09 22:00:00+00:00,58.819534,58.13000000000001
2018-11-09 23:00:00+00:00,55.421463,53.73
2018-11-10 00:00:00+00:00,49.751324,48.82
2018-11-10 01:00:00+00:00,44.196705,45.31
2018-11-10 02:00:00+00:00,42.065746,44.4
2018-11-10 03:00:00+00:00,41.39309,43.72
2018-11-10 04:00:00+00:00,43.381462,44.21
2018-11-10 05:00:00+00:00,48.067093,47.02
2018-11-10 06:00:00+00:00,52.63296,50.21
2018-11-10 07:00:00+00:00,56.97733,53.31
2018-11-10 08:00:00+00:00,58.66185,56.57
2018-11-10 09:00:00+00:00,60.8898,58.79
2018-11-10 10:00:00+00:00,61.129883,60.300000000000004
2018-11-10 11:00:00+00:00,61.599815,61.53000000000001
2018-11-10 12:00:00+00:00,61.322166,61.99999999999999
2018-11-10 13:00:00+00:00,60.145046,60.42
2018-11-10 14:00:00+00:00,58.19213,59.94
2018-11-10 15:00:00+00:00,60.449734,58.55
2018-11-10 16:00:00+00:00,60.480495,64.32
2018-11-10 17:00:00+00:00,69.0961,73.75
2018-11-10 18:00:00+00:00,73.694336,73.18
2018-11-10 19:00:00+00:00,69.88397,68.26
2018-11-10 20:00:00+00:00,65.10147,67.17
2018-11-10 21:00:00+00:00,62.349434,61.290000000000006
2018-11-10 22:00:00+00:00,56.234253,59.36
2018-11-10 23:00:00+00:00,53.482796,58.68
2018-11-11 00:00:00+00:00,49.146004,52.36
2018-11-11 01:00:00+00:00,44.098007,48.3
2018-11-11 02:00:00+00:00,40.798252,43.24
2018-11-11 03:00:00+00:00,37.527615,40.89
2018-11-11 04:00:00+00:00,37.073708,41.9
2018-11-11 05:00:00+00:00,40.91542,40.29
2018-11-11 06:00:00+00:00,40.57551,46.9
2018-11-11 07:00:00+00:00,48.685562,50.89
2018-11-11 08:00:00+00:00,51.03539,53.34
2018-11-11 09:00:00+00:00,55.08208,56.03
2018-11-11 10:00:00+00:00,56.45298,61.50999999999999
2018-11-11 11:00:00+00:00,61.90598,65.67
2018-11-11 12:00:00+00:00,63.218494,67.28
2018-11-11 13:00:00+00:00,63.54712,64.75
2018-11-11 14:00:00+00:00,60.43164,60.75
2018-11-11 15:00:00+00:00,58.788086,60.800000000000004
2018-11-11 16:00:00+00:00,62.550373,66.61
2018-11-11 17:00:00+00:00,70.12244,73.49
2018-11-11 18:00:00+00:00,73.87038,74.66
2018-11-11 19:00:00+00:00,73.958496,75.79
2018-11-11 20:00:00+00:00,73.666214,75.99
2018-11-11 21:00:00+00:00,70.48534,73.57
2018-11-11 22:00:00+00:00,69.726425,71.36
2018-11-11 23:00:00+00:00,66.23834,59.32
2018-11-12 00:00:00+00:00,54.964283,54.19
2018-11-12 01:00:00+00:00,54.539143,51.8
2018-11-12 02:00:00+00:00,50.846756,51.56
2018-11-12 03:00:00+00:00,52.04264,51.87
2018-11-12 04:00:00+00:00,56.604317,53.779999999999994
2018-11-12 05:00:00+00:00,60.68477,68.55
2018-11-12 06:00:00+00:00,75.552155,72.72
2018-11-12 07:00:00+00:00,75.44662,73.31
2018-11-12 08:00:00+00:00,74.43752,74.06
2018-11-12 09:00:00+00:00,75.4781,73.35
2018-11-12 10:00:00+00:00,75.10378,73.48
2018-11-12 11:00:00+00:00,73.6901,72.4
2018-11-12 12:00:00+00:00,72.821915,72.16
2018-11-12 13:00:00+00:00,72.25608,71.95
2018-11-12 14:00:00+00:00,71.83739,72.53
2018-11-12 15:00:00+00:00,74.93309,73.48
2018-11-12 16:00:00+00:00,77.63543,78.4
2018-11-12 17:00:00+00:00,83.81889,81.25
2018-11-12 18:00:00+00:00,83.661194,81.59
2018-11-12 19:00:00+00:00,81.692375,76.96
2018-11-12 20:00:00+00:00,76.31471,75.92
2018-11-12 21:00:00+00:00,71.78434,71.61
2018-11-12 22:00:00+00:00,68.83143,64.88
2018-11-12 23:00:00+00:00,62.51919,66.66
2018-11-13 00:00:00+00:00,63.195446,63.57
2018-11-13 01:00:00+00:00,59.48032,60.370000000000005
2018-11-13 02:00:00+00:00,59.25325,57.95000000000001
2018-11-13 03:00:00+00:00,59.65534,57.15999999999999
2018-11-13 04:00:00+00:00,61.733433,56.35
2018-11-13 05:00:00+00:00,65.82908,66.52
2018-11-13 06:00:00+00:00,75.61863,71.01
2018-11-13 07:00:00+00:00,76.44986,74.16
2018-11-13 08:00:00+00:00,76.55823,74.44
2018-11-13 09:00:00+00:00,75.65722,72.31
2018-11-13 10:00:00+00:00,73.352066,72.74
2018-11-13 11:00:00+00:00,73.35098,70.83
2018-11-13 12:00:00+00:00,70.924416,71.45
2018-11-13 13:00:00+00:00,71.68885,71.59
2018-11-13 14:00:00+00:00,71.55456,72.99
2018-11-13 15:00:00+00:00,74.4463,73.61
2018-11-13 16:00:00+00:00,77.065285,74.82
2018-11-13 17:00:00+00:00,79.488174,78.17
2018-11-13 18:00:00+00:00,79.96336,78.37
2018-11-13 19:00:00+00:00,78.05173,78.95
2018-11-13 20:00:00+00:00,77.30058,73.23
2018-11-13 21:00:00+00:00,70.97248,70.51
2018-11-13 22:00:00+00:00,69.53908,63.18
2018-11-13 23:00:00+00:00,62.138184,63.16
2018-11-14 00:00:00+00:00,61.993046,57.95000000000001
2018-11-14 01:00:00+00:00,54.93167,54.699999999999996
2018-11-14 02:00:00+00:00,53.342484,52.5
2018-11-14 03:00:00+00:00,52.533348,52.62
2018-11-14 04:00:00+00:00,56.27316,53.67
2018-11-14 05:00:00+00:00,61.57374,63.12
2018-11-14 06:00:00+00:00,71.391,70.03
2018-11-14 07:00:00+00:00,74.78779,72.4
2018-11-14 08:00:00+00:00,73.43117,72.51
2018-11-14 09:00:00+00:00,73.187485,71.62
2018-11-14 10:00:00+00:00,70.300644,70.0
2018-11-14 11:00:00+00:00,69.79017,67.37
2018-11-14 12:00:00+00:00,66.887505,68.64
2018-11-14 13:00:00+00:00,69.22281,70.36
2018-11-14 14:00:00+00:00,70.4019,72.59
2018-11-14 15:00:00+00:00,73.49199,73.05
2018-11-14 16:00:00+00:00,74.588615,73.86
2018-11-14 17:00:00+00:00,77.303024,76.17
2018-11-14 18:00:00+00:00,77.311966,76.43
2018-11-14 19:00:00+00:00,76.17214,74.7
2018-11-14 20:00:00+00:00,72.82004,69.12
2018-11-14 21:00:00+00:00,65.81513,64.76
2018-11-14 22:00:00+00:00,63.173874,62.24000000000001
2018-11-14 23:00:00+00:00,59.4247,60.36
2018-11-15 00:00:00+00:00,57.750786,55.58
2018-11-15 01:00:00+00:00,52.726215,54.71
2018-11-15 02:00:00+00:00,53.371426,53.78999999999999
2018-11-15 03:00:00+00:00,53.51622,54.41
2018-11-15 04:00:00+00:00,57.690407,56.93999999999999
2018-11-15 05:00:00+00:00,62.68809,68.59
2018-11-15 06:00:00+00:00,74.5754,70.25
2018-11-15 07:00:00+00:00,72.662315,72.76
2018-11-15 08:00:00+00:00,74.9946,72.98
2018-11-15 09:00:00+00:00,73.06067,73.55
2018-11-15 10:00:00+00:00,73.25908,73.08
2018-11-15 11:00:00+00:00,72.02753,71.79
2018-11-15 12:00:00+00:00,70.85024,72.53
2018-11-15 13:00:00+00:00,73.63694,73.09
2018-11-15 14:00:00+00:00,73.51107,73.68
2018-11-15 15:00:00+00:00,76.32849,73.73
2018-11-15 16:00:00+00:00,76.97797,74.91
2018-11-15 17:00:00+00:00,79.11824,77.64
2018-11-15 18:00:00+00:00,79.82385,78.41
2018-11-15 19:00:00+00:00,78.41446,77.29
2018-11-15 20:00:00+00:00,74.818954,74.32
2018-11-15 21:00:00+00:00,70.57885,72.48
2018-11-15 22:00:00+00:00,69.73509,68.41
2018-11-15 23:00:00+00:00,65.22108,65.96
2018-11-16 00:00:00+00:00,63.230083,59.8
2018-11-16 01:00:00+00:00,57.506844,57.59
2018-11-16 02:00:00+00:00,57.588764,55.71
2018-11-16 03:00:00+00:00,56.86934,55.43
2018-11-16 04:00:00+00:00,58.306034,59.71
2018-11-16 05:00:00+00:00,65.78155,68.47
2018-11-16 06:00:00+00:00,73.693306,71.08
2018-11-16 07:00:00+00:00,73.119934,73.66
2018-11-16 08:00:00+00:00,73.81008,74.32
2018-11-16 09:00:00+00:00,73.35092,74.29
2018-11-16 10:00:00+00:00,72.261345,73.92
2018-11-16 11:00:00+00:00,72.22037,72.92
2018-11-16 12:00:00+00:00,70.57778,71.81
2018-11-16 13:00:00+00:00,70.67143,71.76
2018-11-16 14:00:00+00:00,70.798134,72.6
2018-11-16 15:00:00+00:00,72.47608,73.14
2018-11-16 16:00:00+00:00,74.33415,73.92
2018-11-16 17:00:00+00:00,76.499916,76.02
2018-11-16 18:00:00+00:00,76.58705,76.51
2018-11-16 19:00:00+00:00,75.42869,74.27
2018-11-16 20:00:00+00:00,72.63541,70.62
2018-11-16 21:00:00+00:00,67.20629,67.54
2018-11-16 22:00:00+00:00,64.92185,64.98
2018-11-16 23:00:00+00:00,61.682682,68.95
2018-11-17 00:00:00+00:00,63.53181,65.1
2018-11-17 01:00:00+00:00,60.072113,60.71
2018-11-17 02:00:00+00:00,56.287945,58.22
2018-11-17 03:00:00+00:00,56.694515,55.18
2018-11-17 04:00:00+00:00,54.324455,59.6
2018-11-17 05:00:00+00:00,61.899437,60.08
2018-11-17 06:00:00+00:00,61.204388,63.05
2018-11-17 07:00:00+00:00,64.63392,66.08
2018-11-17 08:00:00+00:00,67.1211,70.39
2018-11-17 09:00:00+00:00,71.47601,70.09
2018-11-17 10:00:00+00:00,66.78034,66.34
2018-11-17 11:00:00+00:00,64.49043,63.47
2018-11-17 12:00:00+00:00,62.360798,64.57
2018-11-17 13:00:00+00:00,63.71049,65.68
2018-11-17 14:00:00+00:00,64.28481,64.03
2018-11-17 15:00:00+00:00,63.939587,65.82
2018-11-17 16:00:00+00:00,69.12763,70.67
2018-11-17 17:00:00+00:00,75.144035,75.27
2018-11-17 18:00:00+00:00,75.87052,75.46
2018-11-17 19:00:00+00:00,74.02243,70.47
2018-11-17 20:00:00+00:00,68.06223,69.37
2018-11-17 21:00:00+00:00,65.1354,64.43
2018-11-17 22:00:00+00:00,62.20935,62.41
2018-11-17 23:00:00+00:00,59.933853,61.75000000000001
2018-11-18 00:00:00+00:00,58.691277,56.230000000000004
2018-11-18 01:00:00+00:00,52.443737,55.33
2018-11-18 02:00:00+00:00,52.361755,53.74000000000001
2018-11-18 03:00:00+00:00,51.313084,53.18
2018-11-18 04:00:00+00:00,52.390194,55.37
2018-11-18 05:00:00+00:00,55.202106,53.41
2018-11-18 06:00:00+00:00,53.418655,55.12
2018-11-18 07:00:00+00:00,56.724052,57.71999999999999
2018-11-18 08:00:00+00:00,59.061604,60.870000000000005
2018-11-18 09:00:00+00:00,62.90775,63.56
2018-11-18 10:00:00+00:00,64.42225,64.14
2018-11-18 11:00:00+00:00,65.91325,65.15
2018-11-18 12:00:00+00:00,64.06507,64.55
2018-11-18 13:00:00+00:00,63.224613,64.89
2018-11-18 14:00:00+00:00,63.676727,60.04
2018-11-18 15:00:00+00:00,60.12089,59.18
2018-11-18 16:00:00+00:00,63.83906,65.55
2018-11-18 17:00:00+00:00,72.04371,74.11
2018-11-18 18:00:00+00:00,76.59324,75.39
2018-11-18 19:00:00+00:00,78.10739,74.96
2018-11-18 20:00:00+00:00,75.58458,72.37
2018-11-18 21:00:00+00:00,71.0163,71.22
2018-11-18 22:00:00+00:00,71.11077,68.51
2018-11-18 23:00:00+00:00,67.55699,69.85
2018-11-19 00:00:00+00:00,68.55892,66.35
2018-11-19 01:00:00+00:00,65.4501,64.5
2018-11-19 02:00:00+00:00,64.02881,61.11000000000001
2018-11-19 03:00:00+00:00,62.816673,59.32
2018-11-19 04:00:00+00:00,63.37922,65.49
2018-11-19 05:00:00+00:00,71.3352,72.98
2018-11-19 06:00:00+00:00,77.506935,73.88
2018-11-19 07:00:00+00:00,76.34219,76.18
2018-11-19 08:00:00+00:00,78.58927,76.74
2018-11-19 09:00:00+00:00,78.70265,77.42
2018-11-19 10:00:00+00:00,79.07956,76.76
2018-11-19 11:00:00+00:00,75.596016,77.33
2018-11-19 12:00:00+00:00,76.6957,77.14
2018-11-19 13:00:00+00:00,76.78203,76.0
2018-11-19 14:00:00+00:00,75.65929,75.09
2018-11-19 15:00:00+00:00,77.03028,75.13
2018-11-19 16:00:00+00:00,79.83449,75.37
2018-11-19 17:00:00+00:00,81.74942,78.36
2018-11-19 18:00:00+00:00,81.383385,79.33
2018-11-19 19:00:00+00:00,79.33153,79.35
2018-11-19 20:00:00+00:00,76.04476,77.13
2018-11-19 21:00:00+00:00,71.94256,75.32
2018-11-19 22:00:00+00:00,72.35845,72.89
2018-11-19 23:00:00+00:00,68.93523,67.54
2018-11-20 00:00:00+00:00,64.46575,62.94
2018-11-20 01:00:00+00:00,61.617317,58.57
2018-11-20 02:00:00+00:00,58.449135,54.89
2018-11-20 03:00:00+00:00,57.045242,55.269999999999996
2018-11-20 04:00:00+00:00,60.83564,59.28
2018-11-20 05:00:00+00:00,67.42246,64.34
2018-11-20 06:00:00+00:00,71.3768,70.38
2018-11-20 07:00:00+00:00,75.42659,73.12
2018-11-20 08:00:00+00:00,74.02095,73.31
2018-11-20 09:00:00+00:00,74.8243,72.9
2018-11-20 10:00:00+00:00,72.12885,72.33
2018-11-20 11:00:00+00:00,71.110565,71.04
2018-11-20 12:00:00+00:00,68.88406,70.02
2018-11-20 13:00:00+00:00,68.18333,67.37
2018-11-20 14:00:00+00:00,66.0231,67.93
2018-11-20 15:00:00+00:00,68.42123,67.93
2018-11-20 16:00:00+00:00,68.966736,69.93
2018-11-20 17:00:00+00:00,72.13768,74.14
2018-11-20 18:00:00+00:00,74.57699,74.6
2018-11-20 19:00:00+00:00,73.55129,75.67
2018-11-20 20:00:00+00:00,73.28371,74.64
2018-11-20 21:00:00+00:00,70.16754,71.79
2018-11-20 22:00:00+00:00,68.2951,69.51
2018-11-20 23:00:00+00:00,64.52902,63.04
2018-11-21 00:00:00+00:00,58.840794,60.230000000000004
2018-11-21 01:00:00+00:00,57.071545,59.24
2018-11-21 02:00:00+00:00,57.08431,57.88000000000001
2018-11-21 03:00:00+00:00,58.12779,57.48
2018-11-21 04:00:00+00:00,59.000027,59.18
2018-11-21 05:00:00+00:00,65.44064,63.08
2018-11-21 06:00:00+00:00,70.78122,69.7
2018-11-21 07:00:00+00:00,74.24387,72.71
2018-11-21 08:00:00+00:00,73.922844,72.88
2018-11-21 09:00:00+00:00,74.17528,72.87
2018-11-21 10:00:00+00:00,72.27411,72.85
2018-11-21 11:00:00+00:00,72.17896,71.83
2018-11-21 12:00:00+00:00,69.72205,71.1
2018-11-21 13:00:00+00:00,69.574745,68.86
2018-11-21 14:00:00+00:00,67.27296,69.56
2018-11-21 15:00:00+00:00,70.309715,71.15
2018-11-21 16:00:00+00:00,72.57511,73.59
2018-11-21 17:00:00+00:00,75.779144,76.06
2018-11-21 18:00:00+00:00,75.55595,76.54
2018-11-21 19:00:00+00:00,75.16045,77.45
2018-11-21 20:00:00+00:00,74.16259,76.36
2018-11-21 21:00:00+00:00,70.78662,73.29
2018-11-21 22:00:00+00:00,68.6288,72.42
2018-11-21 23:00:00+00:00,66.06791,63.43
2018-11-22 00:00:00+00:00,57.83764,60.760000000000005
2018-11-22 01:00:00+00:00,57.57669,59.089999999999996
2018-11-22 02:00:00+00:00,56.583916,57.88000000000001
2018-11-22 03:00:00+00:00,55.76531,57.84
2018-11-22 04:00:00+00:00,59.602753,59.44
2018-11-22 05:00:00+00:00,64.34631,63.449999999999996
2018-11-22 06:00:00+00:00,69.64134,70.75
2018-11-22 07:00:00+00:00,74.57788,73.71
2018-11-22 08:00:00+00:00,73.78966,74.64
2018-11-22 09:00:00+00:00,75.06093,74.28
2018-11-22 10:00:00+00:00,72.56772,73.75
2018-11-22 11:00:00+00:00,72.61193,73.43
2018-11-22 12:00:00+00:00,71.782234,73.44
2018-11-22 13:00:00+00:00,71.847824,73.22
2018-11-22 14:00:00+00:00,72.19401,73.26
2018-11-22 15:00:00+00:00,74.37179,74.1
2018-11-22 16:00:00+00:00,76.25946,75.43
2018-11-22 17:00:00+00:00,78.339165,77.68
2018-11-22 18:00:00+00:00,78.36395,78.19
2018-11-22 19:00:00+00:00,78.15641,78.2
2018-11-22 20:00:00+00:00,75.54389,77.83
2018-11-22 21:00:00+00:00,73.6226,73.91
2018-11-22 22:00:00+00:00,69.80939,72.1
2018-11-22 23:00:00+00:00,67.5137,69.67
2018-11-23 00:00:00+00:00,64.18988,66.66
2018-11-23 01:00:00+00:00,62.3419,63.62
2018-11-23 02:00:00+00:00,60.228603,62.16
2018-11-23 03:00:00+00:00,60.67814,62.07999999999999
2018-11-23 04:00:00+00:00,62.97197,64.93
2018-11-23 05:00:00+00:00,68.38626,71.24
2018-11-23 06:00:00+00:00,74.99487,72.9
2018-11-23 07:00:00+00:00,76.528076,75.11
2018-11-23 08:00:00+00:00,76.98308,75.96
2018-11-23 09:00:00+00:00,76.14084,75.91
2018-11-23 10:00:00+00:00,73.85955,74.83
2018-11-23 11:00:00+00:00,72.78039,75.61
2018-11-23 12:00:00+00:00,73.72354,73.96
2018-11-23 13:00:00+00:00,71.50514,72.53
2018-11-23 14:00:00+00:00,70.84342,69.87
2018-11-23 15:00:00+00:00,70.438644,69.88
2018-11-23 16:00:00+00:00,72.57402,72.95
2018-11-23 17:00:00+00:00,76.34157,76.17
2018-11-23 18:00:00+00:00,77.47951,76.57
2018-11-23 19:00:00+00:00,76.71344,76.09
2018-11-23 20:00:00+00:00,74.65337,74.7
2018-11-23 21:00:00+00:00,70.871414,72.42
2018-11-23 22:00:00+00:00,69.61064,69.53
2018-11-23 23:00:00+00:00,66.30669,67.37
2018-11-24 00:00:00+00:00,63.15301,65.39
2018-11-24 01:00:00+00:00,61.96926,63.55
2018-11-24 02:00:00+00:00,60.180477,59.46
2018-11-24 03:00:00+00:00,57.565563,57.59
2018-11-24 04:00:00+00:00,57.932587,59.41
2018-11-24 05:00:00+00:00,62.25097,61.290000000000006
2018-11-24 06:00:00+00:00,64.99695,65.06
2018-11-24 07:00:00+00:00,68.29281,69.25
2018-11-24 08:00:00+00:00,70.34259,72.81
2018-11-24 09:00:00+00:00,73.5166,73.81
2018-11-24 10:00:00+00:00,71.36841,72.4
2018-11-24 11:00:00+00:00,70.64986,70.45
2018-11-24 12:00:00+00:00,68.00861,68.94
2018-11-24 13:00:00+00:00,66.505035,66.36
2018-11-24 14:00:00+00:00,63.77052,62.54
2018-11-24 15:00:00+00:00,62.074917,62.06000000000001
2018-11-24 16:00:00+00:00,65.23912,63.379999999999995
2018-11-24 17:00:00+00:00,67.53595,72.34
2018-11-24 18:00:00+00:00,74.286736,73.46
2018-11-24 19:00:00+00:00,72.15204,72.11
2018-11-24 20:00:00+00:00,69.57192,68.53
2018-11-24 21:00:00+00:00,64.84808,65.88
2018-11-24 22:00:00+00:00,63.189938,60.35
2018-11-24 23:00:00+00:00,54.572918,58.769999999999996
2018-11-25 00:00:00+00:00,52.46018,56.2
2018-11-25 01:00:00+00:00,49.445007,54.82
2018-11-25 02:00:00+00:00,48.996002,53.02
2018-11-25 03:00:00+00:00,47.885845,53.06
2018-11-25 04:00:00+00:00,49.431244,52.94
2018-11-25 05:00:00+00:00,51.538445,53.98
2018-11-25 06:00:00+00:00,56.279778,57.24
2018-11-25 07:00:00+00:00,60.60622,59.46
2018-11-25 08:00:00+00:00,62.036213,64.1
2018-11-25 09:00:00+00:00,67.17865,65.82
2018-11-25 10:00:00+00:00,65.65961,67.14
2018-11-25 11:00:00+00:00,67.41083,69.87
2018-11-25 12:00:00+00:00,67.38497,67.84
2018-11-25 13:00:00+00:00,64.46542,63.11
2018-11-25 14:00:00+00:00,59.593914,62.949999999999996
2018-11-25 15:00:00+00:00,61.95474,65.9
2018-11-25 16:00:00+00:00,67.162155,71.94
2018-11-25 17:00:00+00:00,74.933914,75.32
2018-11-25 18:00:00+00:00,74.65983,75.65
2018-11-25 19:00:00+00:00,74.98461,75.23
2018-11-25 20:00:00+00:00,73.420525,70.62
2018-11-25 21:00:00+00:00,65.32099,66.96
2018-11-25 22:00:00+00:00,63.193012,62.38999999999999
2018-11-25 23:00:00+00:00,56.869987,56.72999999999999
2018-11-26 00:00:00+00:00,50.581894,53.46
2018-11-26 01:00:00+00:00,48.58833,51.92
2018-11-26 02:00:00+00:00,46.91153,50.13
2018-11-26 03:00:00+00:00,48.787064,47.05
2018-11-26 04:00:00+00:00,51.18303,50.8
2018-11-26 05:00:00+00:00,58.99285,54.23
2018-11-26 06:00:00+00:00,62.95498,58.31999999999999
2018-11-26 07:00:00+00:00,64.78205,65.7
2018-11-26 08:00:00+00:00,69.230286,69.0
2018-11-26 09:00:00+00:00,70.514435,69.32
2018-11-26 10:00:00+00:00,68.436935,66.53
2018-11-26 11:00:00+00:00,66.56383,64.09
2018-11-26 12:00:00+00:00,63.768555,63.51
2018-11-26 13:00:00+00:00,63.370255,63.05
2018-11-26 14:00:00+00:00,63.57288,64.13
2018-11-26 15:00:00+00:00,69.46806,67.49
2018-11-26 16:00:00+00:00,74.840294,71.07
2018-11-26 17:00:00+00:00,78.533035,74.52
2018-11-26 18:00:00+00:00,79.24066,75.45
2018-11-26 19:00:00+00:00,77.16216,75.97
2018-11-26 20:00:00+00:00,74.0185,75.87
2018-11-26 21:00:00+00:00,70.706276,72.19
2018-11-26 22:00:00+00:00,67.348305,66.98
2018-11-26 23:00:00+00:00,63.373314,64.81
2018-11-27 00:00:00+00:00,60.111557,61.75000000000001
2018-11-27 01:00:00+00:00,59.091167,59.5
2018-11-27 02:00:00+00:00,57.483635,54.599999999999994
2018-11-27 03:00:00+00:00,54.770233,55.04
2018-11-27 04:00:00+00:00,58.8647,59.07
2018-11-27 05:00:00+00:00,64.78784,66.85
2018-11-27 06:00:00+00:00,73.40505,70.64
2018-11-27 07:00:00+00:00,75.800026,73.06
2018-11-27 08:00:00+00:00,76.37762,73.61
2018-11-27 09:00:00+00:00,75.69869,73.72
2018-11-27 10:00:00+00:00,73.373634,73.18
2018-11-27 11:00:00+00:00,72.50964,73.02
2018-11-27 12:00:00+00:00,71.99252,72.92
2018-11-27 13:00:00+00:00,72.104225,72.26
2018-11-27 14:00:00+00:00,72.0177,72.44
2018-11-27 15:00:00+00:00,75.06081,73.02
2018-11-27 16:00:00+00:00,77.33174,73.9
2018-11-27 17:00:00+00:00,78.88837,76.74
2018-11-27 18:00:00+00:00,79.431435,77.83
2018-11-27 19:00:00+00:00,78.89074,77.01
2018-11-27 20:00:00+00:00,76.374916,73.86
2018-11-27 21:00:00+00:00,70.88411,68.18
2018-11-27 22:00:00+00:00,66.315475,63.8
2018-11-27 23:00:00+00:00,62.76903,61.57000000000001
2018-11-28 00:00:00+00:00,59.15896,55.24
2018-11-28 01:00:00+00:00,51.023384,52.98
2018-11-28 02:00:00+00:00,50.3816,51.7
2018-11-28 03:00:00+00:00,49.931393,51.34
2018-11-28 04:00:00+00:00,53.617584,52.38
2018-11-28 05:00:00+00:00,58.132187,62.3
2018-11-28 06:00:00+00:00,69.32745,70.57
2018-11-28 07:00:00+00:00,73.75515,73.58
2018-11-28 08:00:00+00:00,72.591515,72.53
2018-11-28 09:00:00+00:00,71.28128,72.1
2018-11-28 10:00:00+00:00,69.97583,71.13
2018-11-28 11:00:00+00:00,69.27073,70.25
2018-11-28 12:00:00+00:00,68.0197,70.18
2018-11-28 13:00:00+00:00,69.29753,70.22
2018-11-28 14:00:00+00:00,69.51899,70.64
2018-11-28 15:00:00+00:00,71.940765,71.91
2018-11-28 16:00:00+00:00,75.6323,74.72
2018-11-28 17:00:00+00:00,79.2367,77.09
2018-11-28 18:00:00+00:00,78.23319,76.08
2018-11-28 19:00:00+00:00,75.82683,74.34
2018-11-28 20:00:00+00:00,72.58787,73.71
2018-11-28 21:00:00+00:00,70.25389,65.87
2018-11-28 22:00:00+00:00,63.89577,62.62
2018-11-28 23:00:00+00:00,61.128376,59.54
2018-11-29 00:00:00+00:00,56.537724,55.36
2018-11-29 01:00:00+00:00,51.224186,53.03
2018-11-29 02:00:00+00:00,50.687305,50.3
2018-11-29 03:00:00+00:00,49.89279,50.08
2018-11-29 04:00:00+00:00,52.38277,53.02
2018-11-29 05:00:00+00:00,59.656605,62.38999999999999
2018-11-29 06:00:00+00:00,69.38935,68.17
2018-11-29 07:00:00+00:00,71.27841,72.02
2018-11-29 08:00:00+00:00,71.77533,72.03
2018-11-29 09:00:00+00:00,70.753716,71.46
2018-11-29 10:00:00+00:00,69.65399,70.28
2018-11-29 11:00:00+00:00,68.18824,69.19
2018-11-29 12:00:00+00:00,67.60507,68.72
2018-11-29 13:00:00+00:00,67.518074,67.68
2018-11-29 14:00:00+00:00,67.63861,68.43
2018-11-29 15:00:00+00:00,70.76002,72.2
2018-11-29 16:00:00+00:00,75.70535,75.79
2018-11-29 17:00:00+00:00,78.662636,78.4
2018-11-29 18:00:00+00:00,78.04046,78.7
2018-11-29 19:00:00+00:00,78.60384,76.0
2018-11-29 20:00:00+00:00,73.84364,72.9
2018-11-29 21:00:00+00:00,69.16645,67.77
2018-11-29 22:00:00+00:00,65.10159,65.39
2018-11-29 23:00:00+00:00,62.336975,64.04
2018-11-30 00:00:00+00:00,59.99167,58.06000000000001
2018-11-30 01:00:00+00:00,54.5138,54.47
2018-11-30 02:00:00+00:00,52.55832,53.04
2018-11-30 03:00:00+00:00,52.34248,51.47
2018-11-30 04:00:00+00:00,53.987736,52.24
2018-11-30 05:00:00+00:00,58.87842,58.08
2018-11-30 06:00:00+00:00,66.13338,69.71
2018-11-30 07:00:00+00:00,74.1028,72.29
2018-11-30 08:00:00+00:00,74.056175,71.93
2018-11-30 09:00:00+00:00,72.678246,71.8
2018-11-30 10:00:00+00:00,70.39671,71.89
2018-11-30 11:00:00+00:00,70.44232,71.72
2018-11-30 12:00:00+00:00,68.32859,70.53
2018-11-30 13:00:00+00:00,67.41021,67.97
2018-11-30 14:00:00+00:00,65.794685,68.11
2018-11-30 15:00:00+00:00,68.72386,69.23
2018-11-30 16:00:00+00:00,72.74172,72.92
2018-11-30 17:00:00+00:00,77.97039,75.04
2018-11-30 18:00:00+00:00,76.20784,75.52
2018-11-30 19:00:00+00:00,75.237206,74.78
2018-11-30 20:00:00+00:00,72.33406,72.58
2018-11-30 21:00:00+00:00,69.24704,68.28
2018-11-30 22:00:00+00:00,67.74282,68.01
2018-11-30 23:00:00+00:00,65.74202,70.14
2018-12-01 00:00:00+00:00,65.25922,67.05
2018-12-01 01:00:00+00:00,61.568325,58.69
2018-12-01 02:00:00+00:00,55.715473,59.14
2018-12-01 03:00:00+00:00,57.78057,56.120000000000005
2018-12-01 04:00:00+00:00,55.679325,56.63
2018-12-01 05:00:00+00:00,57.566437,59.72
2018-12-01 06:00:00+00:00,64.858444,61.06
2018-12-01 07:00:00+00:00,66.139145,62.59000000000001
2018-12-01 08:00:00+00:00,65.934326,68.12
2018-12-01 09:00:00+00:00,70.4685,69.17
2018-12-01 10:00:00+00:00,69.211174,69.18
2018-12-01 11:00:00+00:00,68.995926,68.86
2018-12-01 12:00:00+00:00,68.01236,66.99
2018-12-01 13:00:00+00:00,66.37148,64.09
2018-12-01 14:00:00+00:00,64.25166,60.09
2018-12-01 15:00:00+00:00,62.890537,57.87
2018-12-01 16:00:00+00:00,64.82584,67.93
2018-12-01 17:00:00+00:00,74.9497,73.33
2018-12-01 18:00:00+00:00,75.41378,72.72
2018-12-01 19:00:00+00:00,72.91185,70.48
2018-12-01 20:00:00+00:00,70.21791,69.72
2018-12-01 21:00:00+00:00,67.46349,67.69
2018-12-01 22:00:00+00:00,66.97667,64.5
2018-12-01 23:00:00+00:00,63.24593,60.27
2018-12-02 00:00:00+00:00,56.295925,53.37
2018-12-02 01:00:00+00:00,50.690014,51.32
2018-12-02 02:00:00+00:00,47.778225,50.03
2018-12-02 03:00:00+00:00,47.160965,50.25
2018-12-02 04:00:00+00:00,48.973766,50.98
2018-12-02 05:00:00+00:00,51.09952,51.73
2018-12-02 06:00:00+00:00,55.269367,51.42
2018-12-02 07:00:00+00:00,56.10881,52.01
2018-12-02 08:00:00+00:00,55.6139,55.41
2018-12-02 09:00:00+00:00,59.169086,60.800000000000004
2018-12-02 10:00:00+00:00,61.034454,63.12
2018-12-02 11:00:00+00:00,62.208153,63.85
2018-12-02 12:00:00+00:00,61.2389,67.94
2018-12-02 13:00:00+00:00,64.5966,66.48
2018-12-02 14:00:00+00:00,61.186077,62.06999999999999
2018-12-02 15:00:00+00:00,59.904667,61.77
2018-12-02 16:00:00+00:00,63.85804,66.78
2018-12-02 17:00:00+00:00,70.590355,72.51
2018-12-02 18:00:00+00:00,73.2996,72.35
2018-12-02 19:00:00+00:00,72.01244,72.85
2018-12-02 20:00:00+00:00,71.87209,72.61
2018-12-02 21:00:00+00:00,67.34196,71.22
2018-12-02 22:00:00+00:00,65.970436,66.96
2018-12-02 23:00:00+00:00,60.688984,53.88999999999999
2018-12-03 00:00:00+00:00,46.18587,50.93
2018-12-03 01:00:00+00:00,43.143887,49.65
2018-12-03 02:00:00+00:00,41.648006,49.38
2018-12-03 03:00:00+00:00,44.204037,49.8
2018-12-03 04:00:00+00:00,51.12673,50.85
2018-12-03 05:00:00+00:00,56.90764,57.92000000000001
2018-12-03 06:00:00+00:00,67.09599,67.76
2018-12-03 07:00:00+00:00,71.767944,70.38
2018-12-03 08:00:00+00:00,69.61793,71.8
2018-12-03 09:00:00+00:00,72.63621,73.27
2018-12-03 10:00:00+00:00,71.17778,73.52
2018-12-03 11:00:00+00:00,71.26693,73.53
2018-12-03 12:00:00+00:00,70.78685,71.98
2018-12-03 13:00:00+00:00,69.01368,70.08
2018-12-03 14:00:00+00:00,68.29929,71.07
2018-12-03 15:00:00+00:00,74.10743,72.23
2018-12-03 16:00:00+00:00,75.52694,74.16
2018-12-03 17:00:00+00:00,78.82805,78.79
2018-12-03 18:00:00+00:00,80.681885,77.98
2018-12-03 19:00:00+00:00,76.22389,77.81
2018-12-03 20:00:00+00:00,77.08189,75.76
2018-12-03 21:00:00+00:00,71.53906,73.27
2018-12-03 22:00:00+00:00,70.89804,72.14
2018-12-03 23:00:00+00:00,67.54019,67.01
2018-12-04 00:00:00+00:00,62.065636,62.68
2018-12-04 01:00:00+00:00,58.112373,61.66
2018-12-04 02:00:00+00:00,57.39872,61.53000000000001
2018-12-04 03:00:00+00:00,58.25804,61.39999999999999
2018-12-04 04:00:00+00:00,62.7644,63.42
2018-12-04 05:00:00+00:00,68.31982,67.56
2018-12-04 06:00:00+00:00,73.03596,72.85
2018-12-04 07:00:00+00:00,76.56207,75.58
2018-12-04 08:00:00+00:00,75.53344,75.4
2018-12-04 09:00:00+00:00,76.420586,76.18
2018-12-04 10:00:00+00:00,74.213554,75.77
2018-12-04 11:00:00+00:00,74.711044,74.27
2018-12-04 12:00:00+00:00,72.65227,72.75
2018-12-04 13:00:00+00:00,72.56574,73.15
2018-12-04 14:00:00+00:00,73.82171,73.84
2018-12-04 15:00:00+00:00,75.36312,74.21
2018-12-04 16:00:00+00:00,78.17397,76.29
2018-12-04 17:00:00+00:00,81.19051,84.06
2018-12-04 18:00:00+00:00,86.98321,84.05
2018-12-04 19:00:00+00:00,82.85292,77.27
2018-12-04 20:00:00+00:00,76.964676,75.17
2018-12-04 21:00:00+00:00,73.60073,73.14
2018-12-04 22:00:00+00:00,73.659035,72.08
2018-12-04 23:00:00+00:00,70.78935,67.07
2018-12-05 00:00:00+00:00,64.59585,61.32000000000001
2018-12-05 01:00:00+00:00,57.753853,58.65
2018-12-05 02:00:00+00:00,56.846184,56.370000000000005
2018-12-05 03:00:00+00:00,56.6062,55.21
2018-12-05 04:00:00+00:00,57.04355,58.419999999999995
2018-12-05 05:00:00+00:00,64.76396,61.78000000000001
2018-12-05 06:00:00+00:00,67.47968,69.68
2018-12-05 07:00:00+00:00,73.25848,72.89
2018-12-05 08:00:00+00:00,71.51254,72.52
2018-12-05 09:00:00+00:00,71.71013,73.99
2018-12-05 10:00:00+00:00,71.544395,73.17
2018-12-05 11:00:00+00:00,70.69325,73.07
2018-12-05 12:00:00+00:00,70.98632,71.3
2018-12-05 13:00:00+00:00,69.62419,70.88
2018-12-05 14:00:00+00:00,69.909096,70.51
2018-12-05 15:00:00+00:00,71.81801,70.73
2018-12-05 16:00:00+00:00,74.253395,73.21
2018-12-05 17:00:00+00:00,79.692566,76.3
2018-12-05 18:00:00+00:00,78.76841,73.61
2018-12-05 19:00:00+00:00,74.58892,72.8
2018-12-05 20:00:00+00:00,73.42617,71.19
2018-12-05 21:00:00+00:00,69.08822,69.46
2018-12-05 22:00:00+00:00,68.65836,67.19
2018-12-05 23:00:00+00:00,66.19657,61.04999999999999
2018-12-06 00:00:00+00:00,59.803253,57.21999999999999
2018-12-06 01:00:00+00:00,55.648117,53.47
2018-12-06 02:00:00+00:00,53.527443,53.2
2018-12-06 03:00:00+00:00,53.52379,53.15
2018-12-06 04:00:00+00:00,55.24627,53.4
2018-12-06 05:00:00+00:00,58.482407,58.529999999999994
2018-12-06 06:00:00+00:00,65.83455,67.74
2018-12-06 07:00:00+00:00,72.27473,67.75
2018-12-06 08:00:00+00:00,69.70359,69.0
2018-12-06 09:00:00+00:00,70.886375,70.23
2018-12-06 10:00:00+00:00,70.81113,70.34
2018-12-06 11:00:00+00:00,70.56773,69.63
2018-12-06 12:00:00+00:00,69.08534,68.93
2018-12-06 13:00:00+00:00,68.29221,68.19
2018-12-06 14:00:00+00:00,67.79146,64.99
2018-12-06 15:00:00+00:00,66.9432,66.45
2018-12-06 16:00:00+00:00,70.15832,71.53
2018-12-06 17:00:00+00:00,74.31875,73.61
2018-12-06 18:00:00+00:00,73.13096,71.89
2018-12-06 19:00:00+00:00,71.33744,70.54
2018-12-06 20:00:00+00:00,70.44687,69.98
2018-12-06 21:00:00+00:00,68.7822,68.75
2018-12-06 22:00:00+00:00,67.96718,67.7
2018-12-06 23:00:00+00:00,63.951508,68.13
2018-12-07 00:00:00+00:00,64.37208,66.46
2018-12-07 01:00:00+00:00,61.25781,60.18
2018-12-07 02:00:00+00:00,58.665035,57.95000000000001
2018-12-07 03:00:00+00:00,58.390812,55.85
2018-12-07 04:00:00+00:00,57.15228,57.50999999999999
2018-12-07 05:00:00+00:00,62.554947,64.15
2018-12-07 06:00:00+00:00,70.227036,67.74
2018-12-07 07:00:00+00:00,71.199875,70.9
2018-12-07 08:00:00+00:00,72.42497,68.94
2018-12-07 09:00:00+00:00,70.75862,70.23
2018-12-07 10:00:00+00:00,70.338844,70.02
2018-12-07 11:00:00+00:00,69.52602,69.17
2018-12-07 12:00:00+00:00,68.60898,68.58
2018-12-07 13:00:00+00:00,67.74486,67.72
2018-12-07 14:00:00+00:00,67.45763,65.88
2018-12-07 15:00:00+00:00,67.23643,65.43
2018-12-07 16:00:00+00:00,69.653534,68.53
2018-12-07 17:00:00+00:00,73.37682,71.94
2018-12-07 18:00:00+00:00,73.73577,71.83
2018-12-07 19:00:00+00:00,72.448875,72.12
2018-12-07 20:00:00+00:00,71.09176,70.35
2018-12-07 21:00:00+00:00,67.21218,69.0
2018-12-07 22:00:00+00:00,67.12102,67.09
2018-12-07 23:00:00+00:00,64.47777,58.41
2018-12-08 00:00:00+00:00,56.714924,54.949999999999996
2018-12-08 01:00:00+00:00,52.223827,52.97
2018-12-08 02:00:00+00:00,50.81153,52.91
2018-12-08 03:00:00+00:00,51.42771,52.56
2018-12-08 04:00:00+00:00,52.385384,53.05
2018-12-08 05:00:00+00:00,55.338093,53.01
2018-12-08 06:00:00+00:00,58.415943,54.94
2018-12-08 07:00:00+00:00,60.11931,63.69
2018-12-08 08:00:00+00:00,65.32914,67.81
2018-12-08 09:00:00+00:00,68.82738,67.82
2018-12-08 10:00:00+00:00,66.2449,67.93
2018-12-08 11:00:00+00:00,66.39039,67.99
2018-12-08 12:00:00+00:00,66.0424,68.75
2018-12-08 13:00:00+00:00,66.35071,68.56
2018-12-08 14:00:00+00:00,65.84731,67.93
2018-12-08 15:00:00+00:00,67.3478,67.85
2018-12-08 16:00:00+00:00,69.863495,68.11
2018-12-08 17:00:00+00:00,72.14341,71.59
2018-12-08 18:00:00+00:00,74.47987,72.32
2018-12-08 19:00:00+00:00,73.24805,72.96
2018-12-08 20:00:00+00:00,72.57085,73.11
2018-12-08 21:00:00+00:00,70.61957,71.36
2018-12-08 22:00:00+00:00,68.90406,68.97
2018-12-08 23:00:00+00:00,66.32805,68.03
2018-12-09 00:00:00+00:00,63.938484,63.22
2018-12-09 01:00:00+00:00,59.751198,58.459999999999994
2018-12-09 02:00:00+00:00,56.25934,56.27
2018-12-09 03:00:00+00:00,54.84056,55.45
2018-12-09 04:00:00+00:00,53.4053,55.33
2018-12-09 05:00:00+00:00,54.61004,55.64
2018-12-09 06:00:00+00:00,57.415253,55.019999999999996
2018-12-09 07:00:00+00:00,58.374092,56.61000000000001
2018-12-09 08:00:00+00:00,59.834724,61.64999999999999
2018-12-09 09:00:00+00:00,64.012596,67.08
2018-12-09 10:00:00+00:00,65.96342,67.34
2018-12-09 11:00:00+00:00,66.14952,67.33
2018-12-09 12:00:00+00:00,66.194885,69.27
2018-12-09 13:00:00+00:00,67.585686,69.21
2018-12-09 14:00:00+00:00,66.93231,65.23
2018-12-09 15:00:00+00:00,64.88113,64.22
2018-12-09 16:00:00+00:00,67.76577,69.24
2018-12-09 17:00:00+00:00,74.700745,71.22
2018-12-09 18:00:00+00:00,74.297516,70.08
2018-12-09 19:00:00+00:00,72.37675,71.55
2018-12-09 20:00:00+00:00,72.126724,71.83
2018-12-09 21:00:00+00:00,68.499374,69.86
2018-12-09 22:00:00+00:00,68.300514,67.87
2018-12-09 23:00:00+00:00,63.66906,66.08
2018-12-10 00:00:00+00:00,59.789024,59.51
2018-12-10 01:00:00+00:00,54.762924,55.86
2018-12-10 02:00:00+00:00,50.674313,55.12
2018-12-10 03:00:00+00:00,54.751793,53.81000000000001
2018-12-10 04:00:00+00:00,57.67263,54.25
2018-12-10 05:00:00+00:00,61.464863,58.69
2018-12-10 06:00:00+00:00,67.65601,67.06
2018-12-10 07:00:00+00:00,73.67284,71.03
2018-12-10 08:00:00+00:00,73.84988,70.72
2018-12-10 09:00:00+00:00,74.5343,71.1
2018-12-10 10:00:00+00:00,72.70607,70.65
2018-12-10 11:00:00+00:00,71.52804,70.86
2018-12-10 12:00:00+00:00,71.11461,69.99
2018-12-10 13:00:00+00:00,70.11736,69.28
2018-12-10 14:00:00+00:00,70.19806,69.27
2018-12-10 15:00:00+00:00,72.82861,69.76
2018-12-10 16:00:00+00:00,76.372856,73.48
2018-12-10 17:00:00+00:00,80.501045,77.65
2018-12-10 18:00:00+00:00,81.971855,76.23
2018-12-10 19:00:00+00:00,77.94207,75.54
2018-12-10 20:00:00+00:00,75.911354,74.16
2018-12-10 21:00:00+00:00,72.77775,71.91
2018-12-10 22:00:00+00:00,71.90832,69.53
2018-12-10 23:00:00+00:00,69.36047,68.77
2018-12-11 00:00:00+00:00,65.7877,64.42
2018-12-11 01:00:00+00:00,60.49731,62.06999999999999
2018-12-11 02:00:00+00:00,60.406464,59.53
2018-12-11 03:00:00+00:00,59.9285,59.68
2018-12-11 04:00:00+00:00,60.9825,59.74
2018-12-11 05:00:00+00:00,64.60203,63.86
2018-12-11 06:00:00+00:00,70.76237,70.55
2018-12-11 07:00:00+00:00,75.363365,75.29
2018-12-11 08:00:00+00:00,75.84246,75.5
2018-12-11 09:00:00+00:00,76.30486,75.12
2018-12-11 10:00:00+00:00,74.881836,73.3
2018-12-11 11:00:00+00:00,73.25317,71.07
2018-12-11 12:00:00+00:00,70.59201,70.17
2018-12-11 13:00:00+00:00,69.90157,70.99
2018-12-11 14:00:00+00:00,70.73909,72.74
2018-12-11 15:00:00+00:00,74.06695,72.99
2018-12-11 16:00:00+00:00,76.718834,74.78
2018-12-11 17:00:00+00:00,79.54875,78.11
2018-12-11 18:00:00+00:00,80.79302,78.38
2018-12-11 19:00:00+00:00,79.1169,75.88
2018-12-11 20:00:00+00:00,75.90231,73.48
2018-12-11 21:00:00+00:00,72.08018,69.62
2018-12-11 22:00:00+00:00,69.751434,68.36
2018-12-11 23:00:00+00:00,66.75376,66.1
2018-12-12 00:00:00+00:00,62.69233,59.84
2018-12-12 01:00:00+00:00,56.43702,57.45
2018-12-12 02:00:00+00:00,56.01622,54.62
2018-12-12 03:00:00+00:00,55.56887,55.019999999999996
2018-12-12 04:00:00+00:00,57.05068,56.93000000000001
2018-12-12 05:00:00+00:00,62.948067,69.83
2018-12-12 06:00:00+00:00,74.08767,71.56
2018-12-12 07:00:00+00:00,74.09564,76.08
2018-12-12 08:00:00+00:00,76.80772,76.39
2018-12-12 09:00:00+00:00,76.51704,77.29
2018-12-12 10:00:00+00:00,75.54746,77.26
2018-12-12 11:00:00+00:00,75.52656,75.9
2018-12-12 12:00:00+00:00,74.032555,74.82
2018-12-12 13:00:00+00:00,73.81225,73.95
2018-12-12 14:00:00+00:00,73.43113,73.85
2018-12-12 15:00:00+00:00,74.416595,73.7
2018-12-12 16:00:00+00:00,75.99149,74.65
2018-12-12 17:00:00+00:00,77.75201,77.02
2018-12-12 18:00:00+00:00,77.31492,75.75
2018-12-12 19:00:00+00:00,73.99028,75.51
2018-12-12 20:00:00+00:00,71.525,72.29
2018-12-12 21:00:00+00:00,66.202095,68.3
2018-12-12 22:00:00+00:00,64.42907,62.48
2018-12-12 23:00:00+00:00,56.075443,58.17000000000001
2018-12-13 00:00:00+00:00,52.237236,55.19
2018-12-13 01:00:00+00:00,47.45082,52.11
2018-12-13 02:00:00+00:00,45.786556,51.24
2018-12-13 03:00:00+00:00,47.12355,50.73
2018-12-13 04:00:00+00:00,50.039845,51.02
2018-12-13 05:00:00+00:00,55.436314,55.6
2018-12-13 06:00:00+00:00,62.501,65.51
2018-12-13 07:00:00+00:00,71.554146,72.21
2018-12-13 08:00:00+00:00,73.49791,73.02
2018-12-13 09:00:00+00:00,73.697395,74.32
2018-12-13 10:00:00+00:00,72.76345,73.57
2018-12-13 11:00:00+00:00,72.17084,73.64
2018-12-13 12:00:00+00:00,71.38634,71.53
2018-12-13 13:00:00+00:00,69.43259,69.59
2018-12-13 14:00:00+00:00,67.37279,66.78
2018-12-13 15:00:00+00:00,67.48138,65.61
2018-12-13 16:00:00+00:00,67.88312,68.23
2018-12-13 17:00:00+00:00,71.76005,73.77
2018-12-13 18:00:00+00:00,73.6736,74.46
2018-12-13 19:00:00+00:00,73.09095,75.01
2018-12-13 20:00:00+00:00,72.98447,73.3
2018-12-13 21:00:00+00:00,67.48026,70.83
2018-12-13 22:00:00+00:00,65.43403,64.79
2018-12-13 23:00:00+00:00,61.23626,56.120000000000005
2018-12-14 00:00:00+00:00,53.039265,55.0
2018-12-14 01:00:00+00:00,52.482903,53.26
2018-12-14 02:00:00+00:00,51.19402,52.8
2018-12-14 03:00:00+00:00,52.164047,52.98
2018-12-14 04:00:00+00:00,56.45855,54.55
2018-12-14 05:00:00+00:00,61.604763,57.02
2018-12-14 06:00:00+00:00,65.44946,67.84
2018-12-14 07:00:00+00:00,75.03237,72.68
2018-12-14 08:00:00+00:00,75.73793,73.18
2018-12-14 09:00:00+00:00,76.07118,74.71
2018-12-14 10:00:00+00:00,75.346306,74.16
2018-12-14 11:00:00+00:00,74.186485,72.28
2018-12-14 12:00:00+00:00,71.83049,69.85
2018-12-14 13:00:00+00:00,69.203606,67.86
2018-12-14 14:00:00+00:00,67.02792,67.5
2018-12-14 15:00:00+00:00,69.54643,69.22
2018-12-14 16:00:00+00:00,73.33905,72.51
2018-12-14 17:00:00+00:00,78.51014,76.14
2018-12-14 18:00:00+00:00,79.10711,76.53
2018-12-14 19:00:00+00:00,77.98328,76.21
2018-12-14 20:00:00+00:00,76.63428,74.4
2018-12-14 21:00:00+00:00,71.79597,72.72
2018-12-14 22:00:00+00:00,70.218704,70.86
2018-12-14 23:00:00+00:00,67.73736,69.13
2018-12-15 00:00:00+00:00,65.17024,64.12
2018-12-15 01:00:00+00:00,60.737877,61.150000000000006
2018-12-15 02:00:00+00:00,58.580402,56.67
2018-12-15 03:00:00+00:00,56.171955,55.21
2018-12-15 04:00:00+00:00,55.57103,54.69
2018-12-15 05:00:00+00:00,57.65655,56.0
2018-12-15 06:00:00+00:00,61.173958,60.27
2018-12-15 07:00:00+00:00,65.419334,61.85999999999999
2018-12-15 08:00:00+00:00,66.45406,68.37
2018-12-15 09:00:00+00:00,71.946724,69.92
2018-12-15 10:00:00+00:00,69.71271,69.36
2018-12-15 11:00:00+00:00,69.0286,68.54
2018-12-15 12:00:00+00:00,68.09064,67.99
2018-12-15 13:00:00+00:00,67.3041,63.58
2018-12-15 14:00:00+00:00,62.753075,63.56
2018-12-15 15:00:00+00:00,64.95506,63.85
2018-12-15 16:00:00+00:00,68.618034,67.74
2018-12-15 17:00:00+00:00,72.63545,72.48
2018-12-15 18:00:00+00:00,73.551346,72.84
2018-12-15 19:00:00+00:00,71.86724,66.61
2018-12-15 20:00:00+00:00,65.40821,65.37
2018-12-15 21:00:00+00:00,63.64689,65.76
2018-12-15 22:00:00+00:00,63.736565,64.76
2018-12-15 23:00:00+00:00,61.044453,59.68
2018-12-16 00:00:00+00:00,55.132385,56.25
2018-12-16 01:00:00+00:00,52.076683,53.88000000000001
2018-12-16 02:00:00+00:00,49.77364,51.5
2018-12-16 03:00:00+00:00,48.007835,49.72
2018-12-16 04:00:00+00:00,47.719467,51.97
2018-12-16 05:00:00+00:00,51.725426,53.64
2018-12-16 06:00:00+00:00,54.332024,55.48
2018-12-16 07:00:00+00:00,57.088657,56.52
2018-12-16 08:00:00+00:00,58.54183,62.459999999999994
2018-12-16 09:00:00+00:00,65.15606,63.379999999999995
2018-12-16 10:00:00+00:00,62.194637,63.62
2018-12-16 11:00:00+00:00,63.648716,62.72
2018-12-16 12:00:00+00:00,60.543808,62.709999999999994
2018-12-16 13:00:00+00:00,61.50091,63.099999999999994
2018-12-16 14:00:00+00:00,60.32129,59.78
2018-12-16 15:00:00+00:00,59.729248,62.4
2018-12-16 16:00:00+00:00,66.61104,66.72
2018-12-16 17:00:00+00:00,71.564545,72.8
2018-12-16 18:00:00+00:00,73.406586,73.34
2018-12-16 19:00:00+00:00,71.1366,73.65
2018-12-16 20:00:00+00:00,70.33876,69.89
2018-12-16 21:00:00+00:00,63.865368,70.68
2018-12-16 22:00:00+00:00,67.2562,62.52000000000001
2018-12-16 23:00:00+00:00,55.422577,56.160000000000004
2018-12-17 00:00:00+00:00,51.854965,54.87
2018-12-17 01:00:00+00:00,49.34029,53.21
2018-12-17 02:00:00+00:00,46.685543,52.25
2018-12-17 03:00:00+00:00,50.932655,53.03
2018-12-17 04:00:00+00:00,57.17265,55.59
2018-12-17 05:00:00+00:00,62.82737,68.21
2018-12-17 06:00:00+00:00,74.65379,72.25
2018-12-17 07:00:00+00:00,75.03683,74.48
2018-12-17 08:00:00+00:00,75.331085,75.12
2018-12-17 09:00:00+00:00,76.39056,76.39
2018-12-17 10:00:00+00:00,75.4951,76.96
2018-12-17 11:00:00+00:00,75.683266,76.94
2018-12-17 12:00:00+00:00,76.09567,75.38
2018-12-17 13:00:00+00:00,74.405365,74.61
2018-12-17 14:00:00+00:00,74.09656,74.29
2018-12-17 15:00:00+00:00,77.24681,74.23
2018-12-17 16:00:00+00:00,79.26344,75.43
2018-12-17 17:00:00+00:00,81.53908,78.44
2018-12-17 18:00:00+00:00,81.79868,78.65
2018-12-17 19:00:00+00:00,78.9442,78.69
2018-12-17 20:00:00+00:00,77.197205,74.58
2018-12-17 21:00:00+00:00,70.65092,69.78
2018-12-17 22:00:00+00:00,66.44928,64.05
2018-12-17 23:00:00+00:00,61.873917,56.6
2018-12-18 00:00:00+00:00,53.335976,54.5
2018-12-18 01:00:00+00:00,49.345703,53.18
2018-12-18 02:00:00+00:00,48.355247,52.23
2018-12-18 03:00:00+00:00,49.226147,52.17
2018-12-18 04:00:00+00:00,53.07468,54.809999999999995
2018-12-18 05:00:00+00:00,61.199043,62.61
2018-12-18 06:00:00+00:00,69.61632,69.22
2018-12-18 07:00:00+00:00,72.31696,72.94
2018-12-18 08:00:00+00:00,71.635765,72.95
2018-12-18 09:00:00+00:00,70.98288,74.07
2018-12-18 10:00:00+00:00,71.07905,72.61
2018-12-18 11:00:00+00:00,69.876724,72.62
2018-12-18 12:00:00+00:00,70.580376,71.45
2018-12-18 13:00:00+00:00,69.914154,71.38
2018-12-18 14:00:00+00:00,70.934746,71.47
2018-12-18 15:00:00+00:00,73.206764,71.22
2018-12-18 16:00:00+00:00,74.18189,72.67
2018-12-18 17:00:00+00:00,77.19991,75.08
2018-12-18 18:00:00+00:00,77.265015,75.54
2018-12-18 19:00:00+00:00,75.839485,73.76
2018-12-18 20:00:00+00:00,72.20753,72.58
2018-12-18 21:00:00+00:00,69.851074,68.99
2018-12-18 22:00:00+00:00,65.90866,63.87
2018-12-18 23:00:00+00:00,61.49692,58.03999999999999
2018-12-19 00:00:00+00:00,54.651863,54.04
2018-12-19 01:00:00+00:00,50.932484,51.32
2018-12-19 02:00:00+00:00,50.040207,50.28
2018-12-19 03:00:00+00:00,50.293667,49.25
2018-12-19 04:00:00+00:00,52.923096,51.64
2018-12-19 05:00:00+00:00,58.78646,55.95
2018-12-19 06:00:00+00:00,63.727512,66.93
2018-12-19 07:00:00+00:00,72.15684,70.7
2018-12-19 08:00:00+00:00,71.683304,72.19
2018-12-19 09:00:00+00:00,72.26602,71.85
2018-12-19 10:00:00+00:00,69.2511,71.66
2018-12-19 11:00:00+00:00,69.610085,71.56
2018-12-19 12:00:00+00:00,67.85375,69.99
2018-12-19 13:00:00+00:00,66.9951,69.51
2018-12-19 14:00:00+00:00,67.817055,69.97
2018-12-19 15:00:00+00:00,71.15697,70.01
2018-12-19 16:00:00+00:00,72.80348,72.32
2018-12-19 17:00:00+00:00,76.24106,78.99
2018-12-19 18:00:00+00:00,79.63417,78.44
2018-12-19 19:00:00+00:00,76.89237,76.31
2018-12-19 20:00:00+00:00,75.04763,71.04
2018-12-19 21:00:00+00:00,67.64793,68.26
2018-12-19 22:00:00+00:00,66.33384,65.03
2018-12-19 23:00:00+00:00,61.67415,66.69
2018-12-20 00:00:00+00:00,61.927322,60.650000000000006
2018-12-20 01:00:00+00:00,54.908085,57.290000000000006
2018-12-20 02:00:00+00:00,55.011055,57.00000000000001
2018-12-20 03:00:00+00:00,57.032494,56.74
2018-12-20 04:00:00+00:00,58.24478,57.78999999999999
2018-12-20 05:00:00+00:00,64.3323,64.07
2018-12-20 06:00:00+00:00,70.32002,69.11
2018-12-20 07:00:00+00:00,74.974976,73.56
2018-12-20 08:00:00+00:00,75.39874,73.69
2018-12-20 09:00:00+00:00,75.207855,73.59
2018-12-20 10:00:00+00:00,73.20906,73.08
2018-12-20 11:00:00+00:00,73.14202,71.89
2018-12-20 12:00:00+00:00,69.98874,70.69
2018-12-20 13:00:00+00:00,69.70196,70.13
2018-12-20 14:00:00+00:00,69.4022,70.16
2018-12-20 15:00:00+00:00,70.97943,70.23
2018-12-20 16:00:00+00:00,73.21987,73.35
2018-12-20 17:00:00+00:00,77.6166,76.17
2018-12-20 18:00:00+00:00,77.07879,75.18
2018-12-20 19:00:00+00:00,74.14065,75.29
2018-12-20 20:00:00+00:00,72.74142,73.63
2018-12-20 21:00:00+00:00,68.28629,70.33
2018-12-20 22:00:00+00:00,67.06109,68.55
2018-12-20 23:00:00+00:00,64.584496,64.24
2018-12-21 00:00:00+00:00,58.762817,58.44
2018-12-21 01:00:00+00:00,53.151283,56.470000000000006
2018-12-21 02:00:00+00:00,53.101215,54.91
2018-12-21 03:00:00+00:00,53.155025,54.68
2018-12-21 04:00:00+00:00,56.623295,55.13
2018-12-21 05:00:00+00:00,60.274014,59.24
2018-12-21 06:00:00+00:00,66.00455,67.29
2018-12-21 07:00:00+00:00,72.56856,70.02
2018-12-21 08:00:00+00:00,70.85651,69.74
2018-12-21 09:00:00+00:00,71.23131,70.77
2018-12-21 10:00:00+00:00,69.921005,70.63
2018-12-21 11:00:00+00:00,69.159805,69.72
2018-12-21 12:00:00+00:00,67.35545,68.74
2018-12-21 13:00:00+00:00,67.40039,66.36
2018-12-21 14:00:00+00:00,65.64223,66.4
2018-12-21 15:00:00+00:00,68.64546,66.57
2018-12-21 16:00:00+00:00,70.570724,70.01
2018-12-21 17:00:00+00:00,74.64236,72.91
2018-12-21 18:00:00+00:00,73.96676,73.33
2018-12-21 19:00:00+00:00,73.093185,73.75
2018-12-21 20:00:00+00:00,71.20173,71.38
2018-12-21 21:00:00+00:00,66.47616,69.31
2018-12-21 22:00:00+00:00,65.75917,68.18
2018-12-21 23:00:00+00:00,63.44602,67.3
2018-12-22 00:00:00+00:00,61.641056,62.44
2018-12-22 01:00:00+00:00,57.736473,59.4
2018-12-22 02:00:00+00:00,55.70571,59.24
2018-12-22 03:00:00+00:00,56.52541,59.059999999999995
2018-12-22 04:00:00+00:00,58.245827,59.11
2018-12-22 05:00:00+00:00,59.693874,59.82
2018-12-22 06:00:00+00:00,63.258896,63.309999999999995
2018-12-22 07:00:00+00:00,65.70417,62.98
2018-12-22 08:00:00+00:00,63.936058,67.45
2018-12-22 09:00:00+00:00,69.50529,68.7
2018-12-22 10:00:00+00:00,67.38038,68.59
2018-12-22 11:00:00+00:00,67.365524,68.88
2018-12-22 12:00:00+00:00,66.86119,69.05
2018-12-22 13:00:00+00:00,66.43328,69.08
2018-12-22 14:00:00+00:00,66.36553,69.11
2018-12-22 15:00:00+00:00,67.44699,68.95
2018-12-22 16:00:00+00:00,70.4771,70.76
2018-12-22 17:00:00+00:00,73.10803,73.16
2018-12-22 18:00:00+00:00,74.19843,72.99
2018-12-22 19:00:00+00:00,73.41739,72.92
2018-12-22 20:00:00+00:00,72.80911,72.87
2018-12-22 21:00:00+00:00,69.30846,71.09
2018-12-22 22:00:00+00:00,68.69745,70.74
2018-12-22 23:00:00+00:00,67.21006,70.56
2018-12-23 00:00:00+00:00,63.951828,67.95
2018-12-23 01:00:00+00:00,61.356533,63.239999999999995
2018-12-23 02:00:00+00:00,57.88715,60.56
2018-12-23 03:00:00+00:00,56.07833,60.4
2018-12-23 04:00:00+00:00,57.04216,59.77
2018-12-23 05:00:00+00:00,57.76425,60.61
2018-12-23 06:00:00+00:00,59.947426,62.84000000000001
2018-12-23 07:00:00+00:00,63.159683,63.6
2018-12-23 08:00:00+00:00,63.818417,68.11
2018-12-23 09:00:00+00:00,67.88751,68.93
2018-12-23 10:00:00+00:00,66.40234,68.89
2018-12-23 11:00:00+00:00,67.03218,69.63
2018-12-23 12:00:00+00:00,67.07803,70.41
2018-12-23 13:00:00+00:00,66.34889,70.64
2018-12-23 14:00:00+00:00,66.97195,69.49
2018-12-23 15:00:00+00:00,67.4407,69.1
2018-12-23 16:00:00+00:00,70.961914,70.05
2018-12-23 17:00:00+00:00,73.27172,73.18
2018-12-23 18:00:00+00:00,74.81223,73.06
2018-12-23 19:00:00+00:00,73.37335,73.32
2018-12-23 20:00:00+00:00,72.33292,74.07
2018-12-23 21:00:00+00:00,70.57248,71.43
2018-12-23 22:00:00+00:00,69.77927,69.51
2018-12-23 23:00:00+00:00,67.03849,71.23
2018-12-24 00:00:00+00:00,65.457,68.66
2018-12-24 01:00:00+00:00,62.4998,64.95
2018-12-24 02:00:00+00:00,59.867275,60.82
2018-12-24 03:00:00+00:00,59.577072,60.59
2018-12-24 04:00:00+00:00,62.70539,59.86
2018-12-24 05:00:00+00:00,64.08096,64.46
2018-12-24 06:00:00+00:00,70.153,65.93
2018-12-24 07:00:00+00:00,71.224205,71.85
2018-12-24 08:00:00+00:00,75.39576,72.6
2018-12-24 09:00:00+00:00,74.7575,73.42
2018-12-24 10:00:00+00:00,73.455055,73.45
2018-12-24 11:00:00+00:00,73.048325,73.38
2018-12-24 12:00:00+00:00,72.678085,72.3
2018-12-24 13:00:00+00:00,72.163124,71.16
2018-12-24 14:00:00+00:00,71.42459,69.63
2018-12-24 15:00:00+00:00,72.964386,69.06
2018-12-24 16:00:00+00:00,75.457466,74.26
2018-12-24 17:00:00+00:00,80.44617,76.47
2018-12-24 18:00:00+00:00,78.91829,75.3
2018-12-24 19:00:00+00:00,76.91581,74.95
2018-12-24 20:00:00+00:00,75.24573,73.16
2018-12-24 21:00:00+00:00,72.11776,70.39
2018-12-24 22:00:00+00:00,70.87989,70.2
2018-12-24 23:00:00+00:00,70.61256,71.98
2018-12-25 00:00:00+00:00,68.810394,70.24
2018-12-25 01:00:00+00:00,64.94383,66.35
2018-12-25 02:00:00+00:00,63.254314,62.10000000000001
2018-12-25 03:00:00+00:00,60.110413,61.220000000000006
2018-12-25 04:00:00+00:00,62.639503,61.64999999999999
2018-12-25 05:00:00+00:00,65.29295,61.28
2018-12-25 06:00:00+00:00,66.42568,61.67000000000001
2018-12-25 07:00:00+00:00,65.64466,62.55
2018-12-25 08:00:00+00:00,66.49075,66.8
2018-12-25 09:00:00+00:00,69.54735,69.04
2018-12-25 10:00:00+00:00,68.88143,71.02
2018-12-25 11:00:00+00:00,69.91932,71.62
2018-12-25 12:00:00+00:00,70.630684,72.41
2018-12-25 13:00:00+00:00,71.498116,71.73
2018-12-25 14:00:00+00:00,70.70593,68.79
2018-12-25 15:00:00+00:00,70.194405,68.53
2018-12-25 16:00:00+00:00,72.992485,69.18
2018-12-25 17:00:00+00:00,74.50186,71.73
2018-12-25 18:00:00+00:00,75.145706,71.94
2018-12-25 19:00:00+00:00,74.740486,73.05
2018-12-25 20:00:00+00:00,74.8751,73.94
2018-12-25 21:00:00+00:00,73.49806,71.98
2018-12-25 22:00:00+00:00,73.87871,69.12
2018-12-25 23:00:00+00:00,70.16955,65.64
2018-12-26 00:00:00+00:00,64.82005,59.61
2018-12-26 01:00:00+00:00,56.774906,56.2
2018-12-26 02:00:00+00:00,54.954826,54.739999999999995
2018-12-26 03:00:00+00:00,55.34296,54.58
2018-12-26 04:00:00+00:00,56.638996,56.09
2018-12-26 05:00:00+00:00,60.438454,59.519999999999996
2018-12-26 06:00:00+00:00,65.26406,64.66
2018-12-26 07:00:00+00:00,68.79975,69.88
2018-12-26 08:00:00+00:00,71.624084,72.01
2018-12-26 09:00:00+00:00,72.480446,73.11
2018-12-26 10:00:00+00:00,71.925865,73.08
2018-12-26 11:00:00+00:00,71.85694,73.36
2018-12-26 12:00:00+00:00,72.04215,72.47
2018-12-26 13:00:00+00:00,71.13944,72.44
2018-12-26 14:00:00+00:00,71.234024,71.92
2018-12-26 15:00:00+00:00,72.41214,72.24
2018-12-26 16:00:00+00:00,76.02821,74.15
2018-12-26 17:00:00+00:00,78.52173,78.5
2018-12-26 18:00:00+00:00,80.28911,78.09
2018-12-26 19:00:00+00:00,77.97518,77.62
2018-12-26 20:00:00+00:00,77.07946,75.29
2018-12-26 21:00:00+00:00,73.4137,72.95
2018-12-26 22:00:00+00:00,72.037834,72.18
2018-12-26 23:00:00+00:00,69.73991,72.61
2018-12-27 00:00:00+00:00,67.73275,70.82
2018-12-27 01:00:00+00:00,64.72444,67.18
2018-12-27 02:00:00+00:00,62.801144,64.09
2018-12-27 03:00:00+00:00,61.641518,63.199999999999996
2018-12-27 04:00:00+00:00,62.626793,65.87
2018-12-27 05:00:00+00:00,68.12457,69.31
2018-12-27 06:00:00+00:00,71.87989,71.02
2018-12-27 07:00:00+00:00,74.08376,73.2
2018-12-27 08:00:00+00:00,74.7596,73.91
2018-12-27 09:00:00+00:00,75.07257,74.98
2018-12-27 10:00:00+00:00,73.732254,74.85
2018-12-27 11:00:00+00:00,73.54065,74.64
2018-12-27 12:00:00+00:00,72.90912,73.28
2018-12-27 13:00:00+00:00,71.55131,73.29
2018-12-27 14:00:00+00:00,72.45065,73.3
2018-12-27 15:00:00+00:00,74.34413,74.6
2018-12-27 16:00:00+00:00,78.17453,77.94
2018-12-27 17:00:00+00:00,81.84122,81.12
2018-12-27 18:00:00+00:00,82.30888,80.1
2018-12-27 19:00:00+00:00,80.19838,78.99
2018-12-27 20:00:00+00:00,77.83855,77.65
2018-12-27 21:00:00+00:00,75.14612,73.28
2018-12-27 22:00:00+00:00,72.459915,73.48
2018-12-27 23:00:00+00:00,72.11404,70.93
2018-12-28 00:00:00+00:00,67.231224,68.61
2018-12-28 01:00:00+00:00,63.50774,64.19
2018-12-28 02:00:00+00:00,60.438667,62.529999999999994
2018-12-28 03:00:00+00:00,60.57604,59.78
2018-12-28 04:00:00+00:00,60.099094,59.82
2018-12-28 05:00:00+00:00,63.422836,64.27
2018-12-28 06:00:00+00:00,68.8979,66.81
2018-12-28 07:00:00+00:00,71.3251,71.38
2018-12-28 08:00:00+00:00,73.36757,72.98
2018-12-28 09:00:00+00:00,74.17474,74.33
2018-12-28 10:00:00+00:00,73.06678,72.85
2018-12-28 11:00:00+00:00,72.17302,72.78
2018-12-28 12:00:00+00:00,71.6598,70.44
2018-12-28 13:00:00+00:00,70.38974,70.67
2018-12-28 14:00:00+00:00,70.125275,68.98
2018-12-28 15:00:00+00:00,71.56902,71.57
2018-12-28 16:00:00+00:00,77.314316,74.27
2018-12-28 17:00:00+00:00,80.80732,78.26
2018-12-28 18:00:00+00:00,80.64414,77.1
2018-12-28 19:00:00+00:00,78.47987,73.6
2018-12-28 20:00:00+00:00,74.2576,69.21
2018-12-28 21:00:00+00:00,69.28665,67.53
2018-12-28 22:00:00+00:00,68.28906,64.08
2018-12-28 23:00:00+00:00,63.550537,65.49
2018-12-29 00:00:00+00:00,62.782856,60.22
2018-12-29 01:00:00+00:00,56.85025,55.76
2018-12-29 02:00:00+00:00,53.76221,54.93
2018-12-29 03:00:00+00:00,54.259773,54.169999999999995
2018-12-29 04:00:00+00:00,54.603184,54.15
2018-12-29 05:00:00+00:00,56.999012,54.38999999999999
2018-12-29 06:00:00+00:00,59.5322,55.5
2018-12-29 07:00:00+00:00,60.72513,58.779999999999994
2018-12-29 08:00:00+00:00,64.17975,65.46
2018-12-29 09:00:00+00:00,69.32617,66.87
2018-12-29 10:00:00+00:00,67.119545,65.13
2018-12-29 11:00:00+00:00,66.304504,64.47
2018-12-29 12:00:00+00:00,65.56801,63.239999999999995
2018-12-29 13:00:00+00:00,64.343346,60.89
2018-12-29 14:00:00+00:00,62.462524,58.75
2018-12-29 15:00:00+00:00,62.748497,59.16
2018-12-29 16:00:00+00:00,66.61496,64.19
2018-12-29 17:00:00+00:00,73.39812,70.49
2018-12-29 18:00:00+00:00,75.38451,71.01
2018-12-29 19:00:00+00:00,72.91531,70.72
2018-12-29 20:00:00+00:00,72.09281,70.34
2018-12-29 21:00:00+00:00,68.75521,68.65
2018-12-29 22:00:00+00:00,68.56214,68.31
2018-12-29 23:00:00+00:00,65.982445,67.38
2018-12-30 00:00:00+00:00,63.349045,57.69
2018-12-30 01:00:00+00:00,53.610798,56.27
2018-12-30 02:00:00+00:00,52.977802,55.4
2018-12-30 03:00:00+00:00,53.601063,55.15
2018-12-30 04:00:00+00:00,53.443752,55.13
2018-12-30 05:00:00+00:00,56.052906,55.339999999999996
2018-12-30 06:00:00+00:00,57.019566,56.35
2018-12-30 07:00:00+00:00,59.94999,57.7
2018-12-30 08:00:00+00:00,61.92169,61.77
2018-12-30 09:00:00+00:00,64.91877,65.5
2018-12-30 10:00:00+00:00,65.27065,65.67
2018-12-30 11:00:00+00:00,66.347435,67.09
2018-12-30 12:00:00+00:00,66.76236,69.4
2018-12-30 13:00:00+00:00,68.741325,69.9
2018-12-30 14:00:00+00:00,68.53887,66.97
2018-12-30 15:00:00+00:00,67.92039,65.48
2018-12-30 16:00:00+00:00,70.90344,68.2
2018-12-30 17:00:00+00:00,75.870186,71.43
2018-12-30 18:00:00+00:00,76.73269,72.37
2018-12-30 19:00:00+00:00,76.162865,73.35
2018-12-30 20:00:00+00:00,76.85409,73.64
2018-12-30 21:00:00+00:00,73.38636,71.92
2018-12-30 22:00:00+00:00,73.97752,69.49
2018-12-30 23:00:00+00:00,69.00668,68.4
2018-12-31 00:00:00+00:00,64.86433,60.32
2018-12-31 01:00:00+00:00,57.119125,57.73
2018-12-31 02:00:00+00:00,55.569218,57.66
2018-12-31 03:00:00+00:00,58.12166,57.040000000000006
2018-12-31 04:00:00+00:00,59.388374,57.48
2018-12-31 05:00:00+00:00,64.52313,61.13
2018-12-31 06:00:00+00:00,70.14338,60.7
2018-12-31 07:00:00+00:00,66.933586,66.64
2018-12-31 08:00:00+00:00,71.901985,70.33
2018-12-31 09:00:00+00:00,72.857475,72.12
2018-12-31 10:00:00+00:00,71.68166,71.81
2018-12-31 11:00:00+00:00,71.60986,72.42
2018-12-31 12:00:00+00:00,72.361046,71.8
2018-12-31 13:00:00+00:00,72.24582,71.95
2018-12-31 14:00:00+00:00,72.901436,70.85
2018-12-31 15:00:00+00:00,73.47107,71.36
2018-12-31 16:00:00+00:00,76.94837,75.13
2018-12-31 17:00:00+00:00,82.07378,77.61
2018-12-31 18:00:00+00:00,80.20062,77.02
2018-12-31 19:00:00+00:00,77.95248,76.16
2018-12-31 20:00:00+00:00,76.53174,74.3
2018-12-31 21:00:00+00:00,73.44061,69.89
2018-12-31 22:00:00+00:00,70.857834,69.88
